"Vertical_Segment","Lithography","nb_of_Cores","nb_of_Threads","Processor_Base_Frequency","TDP","Max_Memory_Size","Max_Memory_Bandwidth","Max_nb_of_PCI_Express_Lanes"
"Mobile",14,2,4,1300,4.5,16,29.8,10
"Mobile",14,4,8,1600,15,32,34.1,12
"Mobile",14,4,8,1800,15,32,34.1,12
"Desktop",32,4,8,3600,130,64.23,51.2,40
"Mobile",14,2,4,1200,4.5,16,29.8,10
"Mobile",14,2,2,1500,15,16,25.6,12
"Mobile",22,2,2,1460,4.3,4,25.6,4
"Desktop",22,2,2,2410,10,8,25.6,4
"Desktop",22,2,2,2600,55,32,21,16
"Mobile",90,1,4,2800,88,32,25.6,16
"Mobile",22,2,2,2400,35,32,25.6,1
"Mobile",90,1,4,1300,5.5,32,25.6,16
"Mobile",14,2,4,1900,15,16,25.6,12
"Mobile",14,2,4,2100,15,32,34.1,10
"Mobile",14,4,4,1600,6,8,25.6,4
"Embedded",32,1,1,32,47,32,25.6,16
"Desktop",22,4,4,2410,10,8,25.6,4
"Desktop",22,4,4,2410,10,8,21.3,4
"Desktop",14,4,4,1600,6.5,8,25.6,4
"Desktop",14,4,4,1500,10,8,25.6,6
"Mobile",14,4,4,1600,6,8,25.6,4
"Mobile",22,4,4,2000,7.5,8,25.6,4
"Mobile",22,4,4,2170,7.5,8,25.6,4
"Mobile",22,4,4,2160,7.5,8,25.6,4
"Mobile",22,4,4,2160,7.5,8,21.32,4
"Mobile",14,4,4,1100,6,8,25.6,6
"Mobile",14,2,4,1500,6,16,29.8,10
"Mobile",14,2,4,1600,6,16,29.8,10
"Mobile",14,2,4,1500,6,16,29.8,10
"Mobile",14,2,4,2300,15,32,34.1,10
"Mobile",14,2,2,1900,15,16,25.6,12
"Mobile",22,2,2,1200,11.5,16,25.6,12
"Mobile",22,2,2,2400,37,32,25.6,16
"Mobile",22,2,2,1200,11.5,16,25.6,12
"Mobile",22,2,2,1700,15,16,25.6,10
"Mobile",22,2,2,1700,15,16,25.6,10
"Mobile",22,2,2,2300,37,32,25.6,16
"Mobile",22,2,2,1800,17,32,25.6,1
"Mobile",22,2,2,2500,35,32,25.6,1
"Mobile",22,2,2,1900,17,32,25.6,1
"Mobile",22,2,2,1100,10,32,25.6,16
"Mobile",90,1,4,1200,5.5,32,25.6,16
"Mobile",90,1,4,1100,5,32,25.6,16
"Mobile",90,1,4,1000,5,32,25.6,16
"Mobile",130,1,4,1100,7,32,25.6,16
"Mobile",90,1,4,1600,7.5,32,25.6,16
"Mobile",90,1,4,1400,7.5,32,25.6,16
"Mobile",90,1,4,1500,7.5,32,25.6,16
"Desktop",90,1,4,3800,115,32,25.6,16
"Mobile",32,1,4,800,5.9,32,25.6,16
"Mobile",130,1,4,1300,12,32,25.6,16
"Desktop",90,1,4,3800,115,32,25.6,16
"Mobile",32,1,4,750,24.6,32,25.6,16
"Mobile",90,1,4,2260,27,32,25.6,16
"Desktop",90,1,4,3600,115,32,25.6,16
"Mobile",32,1,4,700,7,32,25.6,16
"Server",130,1,4,800,10.63,32,25.6,16
"Mobile",90,1,4,2130,27,32,25.6,16
"Desktop",90,1,4,3600,115,32,25.6,16
"Mobile",32,1,4,400,10.1,32,25.6,16
"Server",130,1,4,933,11.61,32,25.6,16
"Mobile",90,1,4,2100,7.5,32,25.6,16
"Desktop",90,1,4,3600,115,32,25.6,16
"Mobile",90,1,4,2000,27,32,25.6,16
"Server",130,1,4,1130,28.7,32,25.6,16
"Desktop",90,1,4,4000,47,32,25.6,16
"Desktop",90,1,4,3400,84,32,25.6,16
"Desktop",130,1,4,2800,68.4,32,25.6,16
"Mobile",90,1,4,2000,7.5,32,25.6,16
"Server",130,1,4,1260,30.4,32,25.6,16
"Desktop",90,1,4,3400,84,32,25.6,16
"Desktop",130,1,4,2600,62.6,32,25.6,16
"Desktop",90,1,4,3400,84,32,25.6,16
"Mobile",90,1,4,1860,27,32,25.6,16
"Desktop",130,1,4,900,23.2,32,25.6,16
"Server",130,1,4,1400,32.2,32,25.6,16
"Desktop",90,1,4,3800,65,32,25.6,16
"Desktop",130,1,4,2500,61,32,25.6,16
"Server",130,1,4,1000,12.1,32,25.6,16
"Mobile",90,1,4,1800,21,32,25.6,16
"Desktop",180,1,4,850,22.5,32,25.6,16
"Desktop",90,1,4,3400,115,32,25.6,16
"Desktop",65,2,4,2800,95,32,25.6,16
"Desktop",130,1,4,2400,59.8,32,25.6,16
"Desktop",180,1,4,933,27.3,32,25.6,16
"Mobile",90,1,4,1800,7.5,32,25.6,16
"Desktop",180,1,4,800,20.8,32,25.6,16
"Desktop",90,1,4,3400,103,32,25.6,16
"Desktop",90,1,4,3200,84,32,25.6,16
"Desktop",130,1,4,2200,57.1,32,25.6,16
"Mobile",22,2,2,2100,35,32,25.6,1
"Mobile",22,4,4,2410,10,8,21.3,4
"Server",32,2,2,1200,40,375,25,24
"Embedded",22,2,2,1400,40,384,38.4,24
"Mobile",130,1,4,1400,20.8,32,25.6,16
"Desktop",32,2,2,2600,65,32,17,16
"Mobile",90,1,4,1730,27,32,25.6,16
"Desktop",180,1,4,866,26.1,32,25.6,16
"Desktop",180,1,4,750,19.5,32,25.6,16
"Desktop",130,1,4,3400,89,32,25.6,16
"Desktop",90,1,4,3200,84,32,25.6,16
"Desktop",130,1,4,2000,54.3,32,25.6,16
"Mobile",180,1,4,600,9.7,32,25.6,16
"Mobile",130,1,4,1500,25.8,32,25.6,16
"Desktop",32,2,2,2200,35,32,17,16
"Mobile",130,1,4,900,7,32,25.6,16
"Desktop",180,1,4,800,20.8,32,25.6,16
"Desktop",180,1,4,700,18.3,32,25.6,16
"Desktop",90,1,4,3400,103,32,25.6,16
"Desktop",90,1,4,3800,115,32,25.6,16
"Desktop",90,1,4,3200,84,32,25.6,16
"Desktop",180,1,4,2000,71.8,32,25.6,16
"Mobile",130,1,4,1600,26.9,32,25.6,16
"Embedded",32,2,4,1500,15,32,21.3,20
"Desktop",32,2,2,2800,65,32,21,16
"Desktop",32,2,2,2600,65,32,17,16
"Mobile",130,1,4,1000,7,32,25.6,16
"Mobile",90,1,4,1700,7.5,32,25.6,16
"Desktop",180,1,4,733,22.8,32,25.6,16
"Desktop",180,1,4,650,17,32,25.6,16
"Desktop",90,1,4,3200,103,32,25.6,16
"Desktop",90,1,4,3800,115,32,25.6,16
"Desktop",90,1,4,3000,84,32,25.6,16
"Mobile",130,1,4,1700,30,32,25.6,16
"Embedded",32,2,4,2000,15,32,25.6,16
"Desktop",32,2,2,2900,65,32,21,16
"Desktop",32,2,2,2700,65,32,17,16
"Desktop",180,1,4,667,17.5,32,25.6,16
"Desktop",250,1,4,600,34.5,32,25.6,16
"Desktop",130,1,4,3200,82,32,25.6,16
"Desktop",90,1,4,3000,84,32,25.6,16
"Desktop",90,1,4,2800,103,32,25.6,16
"Desktop",180,1,4,1900,69.2,32,25.6,16
"Mobile",180,1,4,900,30.7,32,25.6,16
"Mobile",130,1,4,933,20.1,32,25.6,16
"Mobile",130,1,4,1800,30,32,25.6,16
"Desktop",32,2,2,3000,65,32,21,16
"Desktop",32,2,2,2300,35,32,17,16
"Desktop",45,2,4,3330,65,32,25.6,16
"Mobile",130,1,4,1200,12,32,25.6,16
"Mobile",90,1,4,1600,27,32,25.6,16
"Desktop",250,1,4,600,34.5,32,25.6,16
"Desktop",180,1,4,600,19.5,32,25.6,16
"Desktop",65,2,4,3600,130,32,25.6,16
"Desktop",90,1,4,3200,103,32,25.6,16
"Desktop",90,1,4,3600,115,32,25.6,16
"Desktop",90,1,4,3000,84,32,25.6,16
"Desktop",90,1,4,3060,84,32,25.6,16
"Desktop",130,1,4,2800,68.4,32,25.6,16
"Desktop",130,1,4,1800,68.1,32,25.6,16
"Mobile",180,1,4,850,27.5,32,25.6,16
"Mobile",130,1,4,866,19.5,32,25.6,16
"Mobile",130,1,4,1900,32,32,25.6,16
"Desktop",32,2,2,2600,35,32,21,16
"Mobile",32,2,2,2000,35,16,21.3,1
"Desktop",32,2,2,2700,65,32,17,16
"Mobile",32,1,4,400,13.1,32,25.6,16
"Mobile",130,1,4,1100,12,32,25.6,16
"Desktop",180,1,4,600,15.8,32,25.6,16
"Desktop",250,1,4,550,30.8,32,25.6,16
"Desktop",65,2,4,3400,130,32,25.6,16
"Desktop",90,1,4,3000,89,32,25.6,16
"Desktop",65,1,4,3600,86,32,25.6,16
"Desktop",90,1,4,3060,84,32,25.6,16
"Desktop",90,1,4,3060,84,32,25.6,16
"Desktop",90,1,4,2800,84,32,25.6,16
"Desktop",180,1,4,1800,66.7,32,25.6,16
"Mobile",180,1,4,800,25.9,32,25.6,16
"Mobile",130,1,4,2000,32,32,25.6,16
"Mobile",32,2,2,2100,35,16,21.3,1
"Desktop",32,2,2,3100,65,32,21,16
"Desktop",32,2,2,2800,65,32,17,16
"Mobile",32,1,4,366,13.1,32,25.6,16
"Desktop",32,1,4,300,47,32,25.6,16
"Desktop",45,2,4,3200,65,32,25.6,16
"Desktop",45,2,4,3200,65,32,25.6,16
"Mobile",65,2,4,1860,35,32,25.6,16
"Mobile",130,1,4,1300,22,32,25.6,16
"Desktop",180,1,4,550,14.5,32,25.6,16
"Desktop",65,2,4,3400,95,32,25.6,16
"Desktop",250,1,4,533,29.7,32,25.6,16
"Desktop",130,1,4,3000,81.9,32,25.6,16
"Desktop",90,1,4,2800,84,32,25.6,16
"Desktop",90,1,4,2930,84,32,25.6,16
"Desktop",130,1,4,2660,66.1,32,25.6,16
"Desktop",90,1,4,3600,115,32,25.6,16
"Desktop",130,1,4,1700,47,32,25.6,16
"Mobile",180,1,4,750,24.6,32,25.6,16
"Mobile",130,1,4,650,7,32,25.6,16
"Mobile",130,1,4,2200,35,32,25.6,16
"Desktop",32,2,2,2400,35,32,17,16
"Desktop",32,1,4,266,47,32,25.6,16
"Mobile",32,1,4,333,11.8,32,25.6,16
"Desktop",45,2,4,3000,65,32,25.6,16
"Mobile",45,2,4,2200,35,32,25.6,16
"Mobile",65,2,4,1730,35,32,25.6,16
"Desktop",65,2,4,2400,65,32,25.6,16
"Mobile",90,1,4,1600,7.5,32,25.6,16
"Mobile",130,1,4,1400,22,32,25.6,16
"Desktop",180,1,4,533,14,32,25.6,16
"Desktop",250,1,4,500,28,32,25.6,16
"Desktop",65,2,4,3200,130,32,25.6,16
"Desktop",90,1,4,3000,89,32,25.6,16
"Desktop",65,1,4,3400,86,32,25.6,16
"Desktop",90,1,4,2800,84,32,25.6,16
"Desktop",90,1,4,2930,84,32,25.6,16
"Desktop",90,1,4,2660,89,32,25.6,16
"Desktop",180,1,4,1700,64,32,25.6,16
"Mobile",180,1,4,700,23,32,25.6,16
"Mobile",130,1,4,1330,47,32,25.6,16
"Mobile",130,1,4,3200,76,32,25.6,16
"Mobile",130,1,4,2300,35,32,25.6,16
"Mobile",32,2,2,2200,35,16,21.3,1
"Mobile",32,1,4,300,11.1,32,25.6,16
"Mobile",32,2,2,1200,17,8.01,21.3,1
"Desktop",32,1,4,233,17,32,25.6,16
"Mobile",45,2,4,2300,35,32,25.6,16
"Desktop",45,2,4,3060,65,32,25.6,16
"Desktop",45,2,4,2800,65,32,25.6,16
"Mobile",65,2,4,1600,35,32,25.6,16
"Desktop",90,1,4,2800,89,32,25.6,16
"Desktop",65,2,4,3200,95,32,25.6,16
"Desktop",180,1,4,500,13.2,32,25.6,16
"Desktop",130,1,4,1400,31.2,32,25.6,16
"Desktop",90,1,4,2800,89,32,25.6,16
"Desktop",90,1,4,3400,84,32,25.6,16
"Desktop",90,1,4,2800,84,32,25.6,16
"Desktop",130,1,4,2530,61.5,32,25.6,16
"Desktop",130,1,4,1600,38,32,25.6,16
"Mobile",180,1,4,650,21.5,32,25.6,16
"Mobile",130,1,4,1260,22,32,25.6,16
"Mobile",130,1,4,3060,70,32,25.6,16
"Mobile",90,1,4,3460,88,32,25.6,16
"Mobile",130,1,4,2400,35,32,25.6,16
"Desktop",32,2,2,2900,65,32,17,16
"Mobile",32,2,2,2300,35,16,21.3,1
"Mobile",32,2,2,1300,17,16,21.3,1
"Mobile",32,2,2,2270,35,8,17.1,1
"Mobile",32,1,4,300,11.6,32,25.6,16
"Desktop",32,1,4,200,15.7,32,25.6,16
"Desktop",32,1,4,200,37.9,32,25.6,16
"Desktop",32,1,4,333,20.6,32,25.6,16
"Desktop",32,2,2,2930,73,16.38,17,16
"Desktop",45,2,4,2930,65,32,25.6,16
"Desktop",65,2,4,2200,65,32,25.6,16
"Mobile",65,2,4,1460,35,32,25.6,16
"Mobile",130,1,4,1500,24.5,32,25.6,16
"Desktop",250,1,4,450,25.3,32,25.6,16
"Desktop",90,1,4,2800,89,32,25.6,16
"Desktop",130,1,4,1330,29.9,32,25.6,16
"Desktop",65,2,4,3000,95,32,25.6,16
"Desktop",90,2,4,3200,130,32,25.6,16
"Desktop",130,1,4,2800,69.7,32,25.6,16
"Desktop",65,1,4,3200,86,32,25.6,16
"Desktop",90,1,4,2800,84,32,25.6,16
"Desktop",180,1,4,1600,61,32,25.6,16
"Mobile",180,1,4,600,34.5,32,25.6,16
"Mobile",130,1,4,1200,22,32,25.6,16
"Mobile",130,1,4,2800,68.4,32,25.6,16
"Mobile",90,1,4,3330,88,32,25.6,16
"Mobile",130,1,4,2500,35,32,25.6,16
"Mobile",32,2,2,2400,35,16,21.3,1
"Desktop",32,2,2,2500,35,32,17,16
"Mobile",32,2,2,1400,17,16.38,21.3,1
"Mobile",32,2,2,2130,35,8,17.1,1
"Mobile",32,1,4,800,9.8,32,25.6,16
"Mobile",32,1,4,266,10.3,32,25.6,16
"Desktop",32,1,4,166,13.1,32,25.6,16
"Desktop",32,1,4,90,47,32,25.6,16
"Desktop",32,1,4,200,35,32,25.6,16
"Desktop",32,1,4,450,27.1,32,25.6,16
"Desktop",32,1,4,300,21.5,32,25.6,16
"Desktop",32,2,2,2800,73,16.38,17,16
"Desktop",45,2,4,2930,65,32,25.6,16
"Desktop",45,2,4,2700,65,32,25.6,16
"Mobile",45,2,4,2100,35,32,25.6,16
"Desktop",65,2,4,2000,65,32,25.6,16
"Desktop",90,1,4,2800,84,32,25.6,16
"Mobile",65,2,4,1860,31,32,25.6,16
"Mobile",90,1,4,1500,7.5,32,25.6,16
"Mobile",130,1,4,1600,24.5,32,25.6,16
"Desktop",130,1,4,1200,29.9,32,25.6,16
"Desktop",65,2,4,3000,95,32,25.6,16
"Desktop",90,2,4,3000,130,32,25.6,16
"Desktop",90,1,4,3200,84,32,25.6,16
"Desktop",90,1,4,2660,84,32,25.6,16
"Desktop",130,1,4,2400,59.8,32,25.6,16
"Desktop",180,1,4,1500,57.8,32,25.6,16
"Mobile",180,1,4,500,16.8,32,25.6,16
"Mobile",130,1,4,1130,21.8,32,25.6,16
"Mobile",130,1,4,2660,66.1,32,25.6,16
"Mobile",130,1,4,2600,35,32,25.6,16
"Mobile",90,1,4,3200,88,32,25.6,16
"Mobile",32,2,2,1500,17,16.38,21.3,1
"Mobile",32,2,2,2000,35,8,17.1,1
"Mobile",32,2,2,1330,18,8,12.8,1
"Desktop",32,1,4,150,47,32,25.6,16
"Desktop",32,1,4,150,47,32,25.6,16
"Desktop",32,1,4,75,47,32,25.6,16
"Desktop",32,1,4,200,44,32,25.6,16
"Desktop",32,1,4,180,31.7,32,25.6,16
"Desktop",32,1,4,400,24.3,32,25.6,16
"Desktop",32,1,4,266,16.8,32,25.6,16
"Mobile",32,1,4,266,10.3,32,25.6,16
"Desktop",32,2,2,2800,73,16.38,17,16
"Mobile",65,2,4,2160,35,32,25.6,16
"Desktop",45,2,4,2600,65,32,25.6,16
"Mobile",65,2,4,1730,31,32,25.6,16
"Desktop",65,2,4,1800,65,32,25.6,16
"Desktop",65,2,4,3730,130,32,25.6,16
"Mobile",130,1,4,1700,24.5,32,25.6,16
"Desktop",130,1,4,1130,29.1,32,25.6,16
"Desktop",180,1,4,1100,33,32,25.6,16
"Desktop",65,2,4,2800,95,32,25.6,16
"Desktop",90,2,4,2800,95,32,25.6,16
"Desktop",130,1,4,2600,69,32,25.6,16
"Desktop",90,1,4,3730,115,32,25.6,16
"Desktop",130,1,4,3400,102.9,32,25.6,16
"Desktop",65,1,4,3000,86,32,25.6,16
"Desktop",90,1,4,2800,84,32,25.6,16
"Desktop",90,1,4,2660,84,32,25.6,16
"Desktop",90,1,4,2400,89,32,25.6,16
"Desktop",180,1,4,1400,54.7,32,25.6,16
"Mobile",180,1,4,450,15.5,32,25.6,16
"Mobile",130,1,4,1060,21,32,25.6,16
"Mobile",90,1,4,3060,88,32,25.6,16
"Mobile",32,2,2,1600,17,16,21.3,1
"Mobile",32,1,4,1060,21,32,25.6,16
"Mobile",32,1,4,233,9,32,25.6,16
"Desktop",32,1,4,133,47,32,25.6,16
"Desktop",32,1,4,120,47,32,25.6,16
"Desktop",32,1,4,100,47,32,25.6,16
"Desktop",32,1,4,166,35,32,25.6,16
"Desktop",32,1,4,150,31.7,32,25.6,16
"Desktop",32,1,4,350,21.5,32,25.6,16
"Desktop",32,1,4,233,34.8,32,25.6,16
"Mobile",32,2,2,1200,18,8,12.8,1
"Mobile",32,2,2,1860,35,8,17.1,1
"Desktop",45,2,4,2800,65,32,25.6,16
"Mobile",45,2,4,2000,35,32,25.6,16
"Desktop",45,2,4,2500,65,32,25.6,16
"Mobile",65,2,4,2000,35,32,25.6,16
"Desktop",130,1,4,3000,81.9,32,25.6,16
"Desktop",65,2,4,1600,65,32,25.6,16
"Mobile",65,2,4,1600,31,32,25.6,16
"Desktop",65,2,4,3460,130,32,25.6,16
"Desktop",90,2,4,3200,130,32,25.6,16
"Mobile",130,1,4,1500,24.5,32,25.6,16
"Desktop",180,1,4,1000,29,32,25.6,16
"Desktop",180,1,4,1000,29,32,25.6,16
"Desktop",65,2,4,2800,95,32,25.6,16
"Desktop",90,2,4,2660,95,32,25.6,16
"Desktop",130,1,4,3060,81.8,32,25.6,16
"Desktop",130,1,4,2400,66.2,32,25.6,16
"Desktop",130,1,4,3460,110.7,32,25.6,16
"Desktop",130,1,4,3200,92.1,32,25.6,16
"Desktop",90,1,4,3000,84,32,25.6,16
"Desktop",90,1,4,2800,84,32,25.6,16
"Desktop",90,1,4,2930,84,32,25.6,16
"Desktop",90,1,4,2660,84,32,25.6,16
"Desktop",130,1,4,2260,58,32,25.6,16
"Desktop",180,1,4,1300,51.6,32,25.6,16
"Mobile",180,1,4,1000,34,32,25.6,16
"Mobile",130,1,4,1000,20.5,32,25.6,16
"Mobile",130,1,4,2400,59.8,32,25.6,16
"Desktop",22,2,2,2300,35,32,21,16
"Desktop",22,2,2,2700,55,32,21,16
"Desktop",22,2,2,2400,35,32,21,16
"Desktop",22,2,2,2700,53,32,21.3,16
"Desktop",22,2,2,2800,55,32,21,16
"Desktop",22,2,2,2400,35,32,21.3,16
"Embedded",22,2,2,2200,35,32,21.3,16
"Desktop",22,2,2,2800,53,32,21.3,16
"Desktop",22,2,2,2800,53,32,21.3,16
"Desktop",22,2,2,2500,35,32,21.3,16
"Desktop",22,2,2,2900,53,32,21.3,16
"Desktop",14,2,2,2800,51,64,34.1,16
"Desktop",14,2,2,2600,35,64,34.1,16
"Embedded",14,2,2,2400,35,64,34.1,16
"Embedded",14,2,2,2300,35,64,34.1,16
"Desktop",14,2,2,2900,51,64,34.1,16
"Embedded",14,2,2,1600,25,64,34.1,16
"Desktop",14,2,2,2900,51,64,25.6,16
"Desktop",32,2,2,2900,54,64,25.6,16
"Desktop",14,2,2,2700,35,64,25.6,16
"Desktop",32,2,2,2700,35,64,25.6,16
"Desktop",14,2,2,3000,51,64,25.6,16
"Desktop",22,2,2,2410,10,8,25.6,4
"Desktop",22,4,4,2000,10,8,25.6,4
"Desktop",22,4,4,2000,10,8,25.6,4
"Desktop",14,2,2,1600,6,8,25.6,4
"Desktop",14,4,4,1600,6,8,25.6,4
"Desktop",14,2,2,2000,10,8,25.6,6
"Desktop",14,4,4,1500,10,8,25.6,6
"Mobile",22,2,2,1600,4.5,4,25.6,4
"Mobile",22,2,2,1580,4.3,4,25.6,4
"Mobile",22,2,2,1580,4.5,4,10.66,4
"Mobile",22,2,2,2000,7.5,8,25.6,4
"Mobile",22,2,2,1860,7.5,8,25.6,4
"Mobile",22,2,2,2130,7.5,8,25.6,4
"Mobile",22,2,2,2160,7.5,8,25.6,4
"Mobile",22,2,2,2160,7.5,8,21.32,4
"Mobile",22,4,4,1600,7.5,8.79,25.6,4
"Mobile",22,4,4,1860,7.5,8,25.6,4
"Mobile",22,4,4,1830,7.5,8,25.6,4
"Mobile",22,4,4,1830,7.5,8,21.32,4
"Mobile",14,4,4,1100,6,8,25.6,6
"Mobile",14,2,2,1100,6,8,25.6,6
"Mobile",14,4,4,1600,6,8,25.6,4
"Mobile",14,4,4,1600,6,8,25.6,4
"Mobile",14,2,2,1600,6,8,25.6,4
"Mobile",14,2,2,1600,6,8,25.6,4
"Mobile",14,2,2,1040,4,8,25.6,4
"Mobile",14,2,2,1040,4,8,25.6,4
"Mobile",14,2,2,1700,15,16,25.6,12
"Mobile",14,2,2,1700,15,16,25.6,12
"Mobile",14,2,2,1900,15,16,25.6,12
"Mobile",14,2,2,1600,15,32,34.1,10
"Mobile",14,2,2,2000,15,32,34.1,12
"Mobile",14,2,2,1800,15,32,34.1,10
"Mobile",14,2,2,1500,6,16,29.8,10
"Mobile",14,2,2,2200,15,32,34.1,10
"Mobile",14,2,4,1200,4.5,16,29.8,10
"Mobile",14,2,4,2500,15,32,34.1,12
"Mobile",14,2,4,2200,15,32,34.1,12
"Mobile",14,2,4,3100,28,32,34.1,12
"Mobile",14,2,4,3300,28,32,34.1,12
"Mobile",14,4,4,2500,45,64,34.1,16
"Mobile",14,2,4,2600,15,32,34.1,12
"Mobile",14,2,4,2300,15,32,34.1,12
"Desktop",14,4,4,3000,65,64,25.6,16
"Desktop",14,4,4,2400,35,64,25.6,16
"Embedded",14,4,4,2900,45,64,34.1,16
"Mobile",14,4,4,2800,45,64,34.1,16
"Embedded",14,4,4,2100,25,64,34.1,16
"Desktop",14,4,4,2700,35,64,25.6,16
"Desktop",14,4,4,3400,65,64,25.6,16
"Desktop",14,4,4,3500,65,64,25.6,16
"Desktop",14,4,4,2800,35,64,25.6,16
"Desktop",14,4,4,3800,91,64,25.6,16
"Mobile",22,4,8,2900,55,32,25.6,16
"Desktop",32,6,12,3200,130,64.23,51.2,40
"Mobile",22,4,8,3000,55,32,25.6,16
"Desktop",32,6,12,3300,130,64,51.2,40
"Desktop",32,6,12,3500,150,64.45,51.2,40
"Desktop",22,4,8,3700,130,64,59.7,40
"Mobile",22,4,8,3000,57,32,25.6,16
"Desktop",22,6,12,3400,130,64,59.7,40
"Mobile",22,4,8,3100,57,32,25.6,16
"Desktop",22,6,12,3600,130,64,59.7,40
"Desktop",22,6,12,3300,140,64,68,28
"Desktop",22,6,12,3500,140,64,68,40
"Desktop",22,8,16,3000,140,64,68,40
"Desktop",14,6,12,3400,140,128,25.6,28
"Desktop",14,6,12,3600,140,128,25.6,40
"Desktop",14,8,16,3200,140,128,25.6,40
"Desktop",14,10,20,3000,140,128,25.6,40
"Desktop",14,4,4,4000,112,64,25.6,16
"Desktop",14,4,8,4300,112,64,25.6,16
"Desktop",14,6,12,3500,140,128,25.6,28
"Desktop",14,10,20,3300,140,128,25.6,44
"Desktop",14,8,16,3600,140,128,25.6,28
"Desktop",14,12,24,2900,140,128,25.6,44
"Desktop",32,14,28,3100,165,128,25.6,44
"Desktop",32,16,32,2800,165,128,25.6,44
"Desktop",32,18,36,2600,165,128,25.6,44
"Mobile",14,4,8,1900,15,32,34.1,12
"Mobile",14,4,8,1700,15,32,34.1,12
"Mobile",14,2,4,2700,15,32,34.1,12
"Mobile",14,2,4,2400,15,32,34.1,12
"Mobile",14,2,4,3500,28,32,34.1,12
"Mobile",14,2,4,2800,15,32,34.1,12
"Mobile",14,2,4,2500,15,32,34.1,12
"Desktop",14,4,8,2900,35,64,25.6,16
"Desktop",14,4,8,4200,91,64,25.6,16
"Desktop",14,4,8,3600,65,64,25.6,16
"Mobile",14,4,8,2800,45,64,34.1,16
"Embedded",14,4,8,3000,45,64,34.1,16
"Mobile",14,4,8,2900,45,64,34.1,16
"Mobile",14,4,8,2900,45,64,34.1,16
"Mobile",14,4,8,3100,45,64,34.1,16
"Embedded",32,1,1,32,47,32,25.6,16
"Embedded",32,1,1,400,2.2,2,1.6,2
"Mobile",32,1,2,2260,47,1,6.4,16
"Embedded",32,1,1,33,0.025,32,25.6,16
"Embedded",45,1,2,600,3.3,2,25.6,4
"Mobile",32,1,2,2260,47,2,6.4,16
"Mobile",14,4,4,1600,47,8,25.6,2
"Mobile",32,2,4,1600,3.5,2.44,25.6,16
"Embedded",22,2,2,1330,3,8,25.6,4
"Desktop",32,2,2,1860,10,4,6.4,4
"Embedded",22,2,2,1500,7,16,25.6,8
"Server",130,1,4,1660,122,32,25.6,16
"Server",130,1,4,1600,122,32,25.6,16
"Server",130,1,4,900,90,32,25.6,16
"Server",90,2,4,1600,104,32,25.6,16
"Server",90,1,4,1600,75,32,25.6,16
"Server",65,2,4,1600,130,32,25.6,16
"Server",65,4,8,1330,155,32,25.6,16
"Server",65,4,8,1460,155,32,25.6,16
"Server",65,4,8,1600,185,32,25.6,16
"Server",65,4,8,1730,185,32,25.6,16
"Server",90,2,4,1420,104,32,25.6,16
"Server",90,2,4,1660,104,32,25.6,16
"Server",90,2,4,1660,104,32,25.6,16
"Server",90,2,4,1600,104,32,25.6,16
"Server",90,2,4,1660,104,32,25.6,16
"Server",90,2,4,1600,104,32,25.6,16
"Server",90,2,4,1660,104,32,25.6,16
"Server",90,2,4,1400,104,32,25.6,16
"Server",90,2,4,1420,104,32,25.6,16
"Server",90,2,4,1600,104,32,25.6,16
"Server",90,2,4,1600,104,32,25.6,16
"Server",90,2,4,1600,104,32,25.6,16
"Server",130,1,4,1000,100,32,25.6,16
"Server",130,1,4,1300,97,32,25.6,16
"Server",130,1,4,1400,91,32,25.6,16
"Server",130,1,4,1500,107,32,25.6,16
"Server",130,1,4,1500,107,32,25.6,16
"Server",130,1,4,1600,122,32,25.6,16
"Server",130,1,4,1660,122,32,25.6,16
"Server",22,2,2,1700,6,16,10.7,4
"Embedded",22,4,4,1400,10,32,25.6,8
"Server",22,4,4,1700,9,32,21.3,8
"Server",22,4,4,2400,14,64,25.6,16
"Server",22,8,8,1700,12,32,25.6,8
"Server",22,8,8,2400,20,64,25.6,16
"Embedded",22,2,2,1250,6,16,25.6,4
"Embedded",22,2,2,1700,7,16,25.6,8
"Embedded",22,2,2,1700,7,16,25.6,8
"Embedded",22,4,4,1250,9.5,32,25.6,8
"Embedded",22,4,4,1700,13,32,25.6,16
"Embedded",22,4,4,2400,15,64,25.6,16
"Embedded",22,4,4,2400,15,64,25.6,16
"Embedded",22,8,8,2000,18,32,25.6,16
"Embedded",22,8,8,2400,20,64,25.6,16
"Embedded",22,8,8,2400,20,64,25.6,16
"Server",14,16,16,2000,31,256,25.6,16
"Server",14,16,16,2100,32,256,25.6,16
"Server",14,16,16,1700,24,256,25.6,16
"Server",14,12,12,1900,21.5,256,25.6,12
"Server",14,12,12,2000,25,256,25.6,16
"Server",14,12,12,2100,25,256,25.6,16
"Server",14,12,12,2000,25,256,25.6,16
"Server",14,8,8,2200,25,256,25.6,16
"Server",14,8,8,2200,21,256,25.6,12
"Server",14,8,8,1700,17,256,25.6,16
"Server",14,4,4,2200,16,256,25.6,12
"Server",14,4,4,2100,15,256,25.6,12
"Server",14,4,4,1600,11.5,256,25.6,8
"Server",14,2,2,1500,9,128,25.6,10
"Server",14,2,2,1600,9.5,128,25.6,6
"Desktop",32,2,4,1860,10,4,6.4,4
"Desktop",32,2,4,2130,10,4,6.4,4
"Embedded",22,1,1,1460,5,8,25.6,4
"Embedded",22,2,2,1330,6,8,25.6,4
"Embedded",22,2,2,1460,7,8,25.6,4
"Embedded",22,2,2,1750,8,8,25.6,4
"Embedded",22,4,4,1910,10,8,25.6,4
"Mobile",32,2,4,1860,6.5,4.88,25.6,16
"Server",32,2,4,1600,8.1,8,10.6,8
"Server",32,2,4,1600,6.1,8,10.6,8
"Server",32,2,4,2000,8.5,8,10.6,8
"Server",32,2,4,1600,11.7,8,25.6,32
"Server",32,2,4,1600,13.1,8,25.6,40
"Server",32,2,4,2000,14.1,8,25.6,40
"Mobile",28,2,2,1000,47,1,3.2,16
"Mobile",28,4,4,2260,47,2,4.2,16
"Mobile",28,4,4,2260,47,2,4.2,16
"Mobile",28,4,4,2260,47,2,4.2,16
"Mobile",28,4,4,2260,47,2,4.2,16
"Mobile",28,4,4,2260,47,2,4.2,16
"Mobile",28,4,4,2260,47,2,4.2,16
"Mobile",28,4,4,1200,47,2,4.2,16
"Mobile",28,4,4,1200,47,2,4.2,16
"Embedded",14,4,4,1040,5,8,25.6,4
"Mobile",14,4,4,1440,47,2,12.8,1
"Mobile",14,4,4,1440,47,2,12.8,1
"Mobile",14,4,4,1440,47,2,12.8,1
"Mobile",14,4,4,1440,47,8,25.6,2
"Mobile",14,4,4,1440,47,8,25.6,2
"Embedded",14,2,2,1300,6.5,8,34.1,6
"Embedded",14,4,4,1600,9.5,8,34.1,6
"Mobile",14,4,4,1600,47,8,25.6,2
"Embedded",14,4,4,1600,12,8,38.4,6
"Mobile",32,1,2,2260,47,2,6.4,16
"Mobile",32,2,4,1200,47,2,8.5,16
"Mobile",32,2,4,2260,47,2,8.5,16
"Mobile",32,2,4,2260,47,2,8.5,16
"Mobile",32,2,4,1800,47,2.4,6.4,16
"Mobile",22,2,2,2260,47,4,8.5,16
"Mobile",22,2,2,2260,47,4,8.5,16
"Mobile",22,4,4,2260,47,4,12.8,16
"Mobile",22,4,4,2260,47,4,12.8,16
"Mobile",22,4,4,2260,47,4,12.8,16
"Mobile",22,4,4,2260,47,4,12.8,16
"Mobile",22,4,4,2260,47,4,12.8,16
"Mobile",22,4,4,1330,47,1,5.3,16
"Mobile",22,4,4,1330,47,2,10.6,16
"Mobile",22,4,4,1330,47,2,10.6,16
"Mobile",22,4,4,1330,47,1,5.3,16
"Mobile",22,4,4,1330,47,2,10.6,16
"Mobile",22,4,4,1330,47,1,5.3,16
"Mobile",22,4,4,1330,47,4,17.1,16
"Mobile",22,4,4,1330,47,2,10.6,16
"Mobile",22,4,4,1330,47,4,17.1,16
"Mobile",22,4,4,1330,47,2,10.6,16
"Mobile",22,4,4,1460,47,4,17.1,16
"Mobile",22,4,4,1460,47,4,17.1,16
"Mobile",22,4,4,1500,47,2,10.6,16
"Mobile",22,4,4,1490,47,2,10.6,16
"Mobile",22,4,4,1490,47,4,21.3,16
"Mobile",22,4,4,1590,47,4,17.1,16
"Embedded",45,1,2,600,3.3,2,25.6,4
"Mobile",45,1,4,800,0.65,32,25.6,16
"Mobile",45,1,4,1100,2,32,25.6,16
"Embedded",45,1,2,1000,3.6,2,25.6,4
"Mobile",45,1,2,1200,1.3,1,1.6,0
"Mobile",45,1,4,1100,2.2,32,25.6,16
"Embedded",45,1,2,1000,3.6,2,25.6,4
"Mobile",45,1,4,1100,2.2,32,25.6,16
"Embedded",45,1,2,1000,7,2.93,25.6,2
"Mobile",45,1,4,1200,1.4,32,25.6,16
"Embedded",45,1,2,1000,7,2.93,25.6,2
"Desktop",45,1,4,1600,4,32,25.6,16
"Mobile",45,1,4,1330,2,32,25.6,16
"Embedded",45,1,2,1300,3.6,2,25.6,4
"Mobile",45,1,2,1600,2.2,2,3.2,0
"Mobile",45,1,4,1330,2.2,32,25.6,16
"Embedded",45,1,2,1300,3.6,2,25.6,4
"Mobile",45,1,4,1600,2,32,25.6,16
"Embedded",45,1,2,1300,7,2.93,25.6,2
"Mobile",45,1,2,1900,2.2,2,3.2,0
"Mobile",45,1,2,1660,5.5,2,25.6,16
"Mobile",45,1,4,1600,2.2,32,25.6,16
"Mobile",45,1,2,1200,3,2.93,25.6,16
"Embedded",45,1,2,1300,7,2.93,25.6,2
"Mobile",45,1,2,1660,6.5,2,25.6,16
"Desktop",45,1,2,1660,10,4,6.4,16
"Desktop",45,2,4,1660,13,4,6.4,16
"Mobile",45,1,4,1860,2.4,32,25.6,16
"Mobile",45,1,2,1500,3,2.93,25.6,16
"Embedded",45,1,2,1600,4.5,2,25.6,4
"Mobile",45,2,4,1500,8.5,2,25.6,16
"Mobile",45,1,2,1830,6.5,2,25.6,16
"Mobile",45,1,4,2000,2.4,32,25.6,16
"Mobile",45,1,4,1600,2.5,32,25.6,16
"Desktop",45,2,4,1600,8,32,25.6,16
"Mobile",45,2,4,1660,8.5,2,25.6,16
"Embedded",45,1,2,1600,4.5,2,25.6,4
"Mobile",45,1,4,2130,2.5,32,25.6,16
"Mobile",45,1,2,1830,6.5,2,25.6,16
"Desktop",45,2,4,1800,13,4,6.4,16
"Desktop",45,1,2,1800,10,4,6.4,16
"Mobile",45,1,4,1660,2.5,32,25.6,16
"Embedded",32,1,1,400,2.2,2,1.6,2
"Embedded",32,1,1,400,2.2,2,1.6,2
"Embedded",32,1,1,400,2.2,2,1.6,2
"Embedded",32,1,1,400,2.2,2,1.6,2
"Embedded",32,1,1,400,2.2,2,1.6,2
"Embedded",32,1,1,400,2.2,2,1.6,2
"Embedded",32,1,1,400,2.2,2,1.6,2
"Server",32,4,8,1730,130,32,25.6,16
"Server",32,8,16,2660,170,32,25.6,16
"Server",14,72,4,1500,260,384,115.2,4
"Server",22,57,4,1100,300,6,240,16
"Server",22,57,4,1100,300,6,240,16
"Server",32,4,8,3600,95,32,21,20
"Server",14,4,8,1600,35,128,25.6,32
"Server",32,4,4,1600,80,288,25.6,16
"Embedded",32,4,8,1000,25,32,25.6,20
"Server",22,4,4,3100,80,32,25.6,16
"Embedded",14,4,8,1800,47,32,25.6,16
"Server",14,4,4,3000,80,64,34.1,16
"Server",14,4,4,3000,72,64,37.5,16
"Server",32,8,16,2900,135,384,51.2,40
"Server",22,12,24,2700,130,768,59.7,40
"Server",22,12,24,2400,115,768,59.7,40
"Server",14,4,8,3500,140,32,76.8,40
"Server",14,4,8,3700,140,32,76.8,40
"Server",14,6,12,3600,140,32,76.8,40
"Server",14,8,16,3200,140,32,76.8,40
"Server",14,8,16,3400,140,32,76.8,40
"Server",14,6,6,1700,85,32,59.7,40
"Embedded",14,8,16,1600,50,32,59.7,40
"Server",14,8,8,1700,85,32,59.7,40
"Embedded",14,10,20,2200,75,32,68.3,40
"Server",14,8,16,2100,85,32,68.3,40
"Server",14,4,8,2600,85,32,68.3,40
"Embedded",14,12,24,1900,75,32,68.3,40
"Server",14,10,20,1800,55,32,68.3,40
"Server",14,10,20,2200,85,32,68.3,40
"Server",14,4,8,3500,135,32,76.8,40
"Server",14,10,20,2400,90,32,68.3,40
"Server",14,6,12,3400,135,32,76.8,40
"Embedded",14,14,28,1800,75,32,76.8,40
"Server",14,14,28,1700,65,32,76.8,40
"Server",14,12,24,2200,105,32,76.8,40
"Server",14,14,28,2000,105,32,76.8,40
"Server",14,8,16,3200,135,32,76.8,40
"Embedded",14,14,28,2300,105,32,76.8,40
"Server",14,14,28,2400,120,32,76.8,40
"Server",14,16,32,2100,120,32,76.8,40
"Server",14,12,24,3000,160,32,76.8,40
"Server",14,14,28,2600,135,32,76.8,40
"Server",14,18,36,2100,120,32,76.8,40
"Server",14,16,32,2600,145,32,76.8,40
"Server",14,18,36,2300,145,32,76.8,40
"Server",14,20,40,2200,135,32,76.8,40
"Embedded",14,22,44,2200,145,32,76.8,40
"Server",14,22,44,2200,145,32,76.8,40
"Server",14,22,44,2400,145,32,76.8,40
"Server",14,10,20,1800,105,32,68,40
"Server",14,10,20,2100,105,32,68,40
"Server",14,10,10,2600,135,32,68,40
"Embedded",14,14,28,1800,75,32,68,40
"Server",14,12,24,2100,105,32,68,40
"Server",14,14,28,2200,105,32,68,40
"Server",14,8,16,2500,135,32,68,40
"Server",14,16,32,2200,120,32,68,40
"Server",14,18,36,2200,135,32,68,40
"Server",14,22,44,2200,135,32,68,40
"Server",22,6,6,1600,85,768,51,40
"Embedded",22,6,12,2000,52,768,59,40
"Server",22,6,6,1900,85,768,51,40
"Embedded",22,8,16,2300,75,768,59,40
"Server",22,6,12,2400,85,768,59,40
"Server",22,4,8,3000,105,768,59,40
"Embedded",22,10,20,2000,75,768,59,40
"Server",22,8,16,2400,85,768,59,40
"Server",22,8,16,1800,55,768,59,40
"Server",22,4,8,3500,135,768,68,40
"Server",22,8,16,2600,90,768,59,40
"Server",22,6,12,3400,135,768,68,40
"Server",22,10,20,2300,105,768,68,40
"Embedded",22,12,24,1800,75,768,68,40
"Server",22,12,24,1800,65,768,68,40
"Embedded",22,12,24,2200,105,768,68,40
"Embedded",22,12,24,2200,105,768,68,40
"Server",22,10,20,2600,105,768,68,40
"Server",22,8,16,3200,135,768,68,40
"Server",22,12,24,2300,120,768,68,40
"Server",22,12,24,2500,120,768,68,40
"Server",22,14,28,2000,120,768,68,40
"Server",22,10,20,1700,105,768,68,40
"Server",22,10,20,2000,105,768,68,40
"Server",22,10,20,3100,160,768,68,40
"Server",22,10,10,2600,135,768,68,40
"Server",22,12,24,2600,135,768,68,40
"Server",22,12,24,1900,105,768,68,40
"Server",22,8,16,3200,140,768,68,40
"Server",22,14,28,2300,120,768,68,40
"Embedded",22,12,24,1700,105,768,68,40
"Server",22,8,16,3000,140,768,68,40
"Server",22,12,24,2100,105,768,68,40
"Server",22,6,12,3500,140,768,68,40
"Server",22,14,28,2600,145,768,68,40
"Server",22,6,12,2900,135,768,68,40
"Embedded",22,4,8,1800,45,384,51.2,24
"Server",22,4,8,3700,140,768,68,40
"Server",22,16,32,2300,135,768,68,40
"Server",22,14,28,2100,120,768,68,40
"Embedded",22,6,12,2000,50,384,51.2,24
"Server",22,4,8,3500,140,768,68,40
"Server",22,16,32,2000,135,768,68,40
"Embedded",22,8,16,1800,55,384,51.2,24
"Server",22,18,36,2100,135,768,68,40
"Embedded",22,10,20,1800,70,384,51.2,24
"Embedded",22,8,16,2000,65,384,51.2,24
"Server",22,18,36,2300,145,768,68,40
"Server",22,10,20,3000,130,768,59.7,40
"Server",22,10,20,2800,115,768,59.7,40
"Server",22,8,16,3400,150,256,59.7,40
"Server",22,10,20,2500,115,768,59.7,40
"Server",22,8,16,3300,130,768,59.7,40
"Server",22,10,20,2200,95,768,59.7,40
"Server",22,10,20,1700,70,768,51.2,40
"Embedded",22,10,20,2400,95,768,59.7,40
"Server",22,8,16,2600,95,768,59.7,40
"Server",22,10,20,2400,95,384,38.4,24
"Embedded",22,10,20,1900,70,768,59.7,40
"Server",22,10,20,1700,60,384,38.4,24
"Server",22,6,12,3500,130,768,59.7,40
"Server",22,8,16,2500,95,384,38.4,24
"Server",22,12,24,2400,115,768,59.7,40
"Embedded",22,10,20,1800,70,384,38.4,24
"Server",22,8,16,2000,95,768,51.2,40
"Server",22,4,8,3500,130,768,59.7,40
"Server",22,10,20,2400,95,768,59.7,40
"Server",22,8,16,1900,95,384,38.4,24
"Server",22,6,12,2400,60,768,51.2,40
"Server",22,6,12,2400,60,384,38.4,24
"Server",22,10,20,2200,95,768,59.7,40
"Server",22,6,12,2600,80,768,51.2,40
"Server",22,6,12,2500,80,384,38.4,24
"Server",22,8,8,3300,130,768,59.7,40
"Embedded",22,10,20,1900,70,768,59.7,40
"Embedded",22,8,16,1900,70,768,51.2,40
"Embedded",22,8,16,1800,60,384,38.4,24
"Server",22,6,12,2100,80,768,51.2,40
"Server",22,6,12,2200,80,384,38.4,24
"Server",22,6,12,3700,130,256,59.7,40
"Server",22,8,16,2600,95,768,51.2,40
"Embedded",22,6,12,2000,50,768,42.6,40
"Embedded",22,6,12,2000,50,384,32,24
"Server",22,6,12,3500,130,256,59.7,40
"Server",22,8,16,2300,95,768,51.2,40
"Server",22,6,12,2600,95,768,42.6,40
"Server",22,4,4,2500,80,768,42.6,40
"Server",22,4,4,2400,80,384,32,24
"Server",22,4,8,3700,130,256,59.7,40
"Embedded",22,6,12,2200,60,384,38.4,24
"Server",22,4,4,1800,80,768,42.6,40
"Server",22,4,4,1800,80,384,32,24
"Server",22,4,8,2200,95,768,42.6,40
"Server",32,8,16,3100,150,256,51.2,40
"Server",32,8,16,2700,130,384,51.2,40
"Server",32,8,16,2600,115,384,51.2,40
"Server",32,6,12,2900,130,384,51.2,40
"Server",32,8,16,2400,115,384,51.2,40
"Server",32,8,16,2200,95,384,51.2,40
"Embedded",32,8,16,2100,95,384,51.2,40
"Server",32,8,16,2000,95,384,51.2,40
"Embedded",32,8,16,1800,70,384,25.6,40
"Server",32,8,16,1800,70,384,51.2,40
"Server",32,4,8,3300,130,384,51.2,40
"Server",32,8,16,2300,95,384,38.4,24
"Server",32,8,16,1800,70,384,38.4,24
"Server",32,6,12,2500,95,384,42.6,40
"Server",32,8,16,2100,95,384,38.4,24
"Server",32,2,4,3000,80,384,51.2,40
"Embedded",32,8,16,1800,70,384,25.6,24
"Server",32,8,16,2600,115,384,51.2,40
"Server",32,6,12,2000,60,384,42.6,40
"Server",32,8,16,2700,130,384,51.2,40
"Server",32,6,12,2400,95,384,32,24
"Server",32,6,12,2300,95,384,42.6,40
"Server",32,6,12,3300,130,256,51.2,40
"Server",32,6,12,2000,60,384,32,24
"Server",32,6,12,2200,95,384,32,24
"Server",32,8,16,2400,95,384,51.2,40
"Embedded",32,6,12,1800,60,384,25.6,24
"Server",32,8,16,2200,95,384,42.6,40
"Server",32,6,12,3200,130,256,51.2,40
"Server",32,6,12,2000,95,384,42.6,40
"Server",32,6,12,1900,95,384,32,24
"Server",32,6,6,2900,130,384,51.2,40
"Embedded",32,4,8,2000,50,384,25.6,24
"Server",32,6,12,1800,60,32,32,24
"Server",32,4,8,3600,130,375,51.2,40
"Server",32,4,4,2400,80,384,34.1,40
"Server",32,6,12,2400,95,384,42.6,40
"Server",32,4,4,2200,80,384,25,24
"Server",32,6,12,2200,95,384,34.1,40
"Server",32,4,4,1800,80,384,25,24
"Server",32,4,8,2000,95,384,34.1,40
"Server",32,4,4,1800,80,384,34.1,40
"Server",14,4,4,3300,73,64,37.5,16
"Server",14,4,8,3500,72,64,37.5,16
"Server",14,4,8,3700,72,64,37.5,16
"Server",14,4,8,3700,73,64,37.5,16
"Server",14,4,8,3800,72,64,37.5,16
"Server",14,4,8,3800,73,64,37.5,16
"Server",14,4,8,3900,72,64,37.5,16
"Server",14,4,8,4100,79,64,37.5,16
"Embedded",14,4,4,2100,25,64,34.1,16
"Embedded",14,4,4,2900,45,64,34.1,16
"Embedded",14,4,8,2200,25,64,34.1,16
"Mobile",14,4,8,3000,45,64,34.1,16
"Mobile",14,4,8,3100,45,64,34.1,16
"Server",14,4,4,3300,80,64,34.1,16
"Server",14,4,8,3400,80,64,34.1,16
"Server",14,4,8,3500,80,64,34.1,16
"Server",14,4,4,2000,25,64,34.1,16
"Server",14,4,8,2100,25,64,34.1,16
"Server",14,4,8,3500,80,64,34.1,16
"Server",14,4,8,2900,45,64,34.1,16
"Embedded",14,4,8,2400,35,64,34.1,16
"Server",14,4,8,3600,80,64,34.1,16
"Server",14,4,8,3600,80,64,34.1,16
"Server",14,4,8,3700,80,64,34.1,16
"Mobile",14,4,8,2800,45,64,34.1,16
"Embedded",14,4,8,2000,25,64,34.1,16
"Mobile",14,4,8,2800,45,64,34.1,16
"Mobile",14,4,8,2900,45,64,34.1,16
"Mobile",14,4,8,2900,45,64,34.1,16
"Embedded",14,4,8,1900,45,64,25.6,16
"Server",14,4,8,2500,35,64,25.6,16
"Mobile",14,4,8,3000,45,64,34.1,16
"Embedded",14,4,8,2000,45,64,25.6,16
"Server",14,4,8,3000,45,64,25.6,16
"Server",14,4,8,3500,65,64,25.6,16
"Server",14,4,8,2300,35,32,29.8,16
"Embedded",14,4,8,2000,47,32,25.6,16
"Server",14,4,8,3500,95,32,29.8,16
"Server",14,4,8,3400,65,32,29.8,16
"Server",22,2,4,1100,13,32,25.6,16
"Server",22,4,4,3300,84,32,25.6,16
"Server",22,4,4,3200,84,32,25.6,16
"Server",22,4,8,3300,80,32,25.6,16
"Server",22,4,8,1800,25,32,25.6,16
"Server",22,4,8,3400,80,32,25.6,16
"Server",22,4,8,3400,80,32,25.6,16
"Server",22,4,8,2000,25,32,25.6,16
"Server",22,4,8,3500,80,32,25.6,16
"Server",22,4,8,3400,84,32,25.6,16
"Server",22,4,8,3500,84,32,25.6,16
"Server",22,4,8,3500,84,32,25.6,16
"Server",22,4,8,2500,45,32,25.6,16
"Server",22,4,8,3600,80,32,25.6,16
"Embedded",22,4,8,2300,45,32,25.6,16
"Server",22,4,8,3500,80,32,25.6,16
"Server",22,4,8,2700,45,32,25.6,16
"Server",22,4,8,3600,82,32,25.6,16
"Server",22,4,8,3600,84,32,25.6,16
"Server",22,4,8,3700,82,32,25.6,16
"Server",22,4,8,3600,84,32,25.6,16
"Server",22,4,8,3100,65,32,25.6,16
"Server",22,4,8,3700,84,32,25.6,16
"Server",22,4,8,3200,65,32,25.6,16
"Embedded",22,4,8,1800,25,32,25.6,20
"Embedded",22,4,8,2500,40,32,25.6,20
"Server",22,2,4,2300,17,32.23,25.6,16
"Server",22,4,4,3100,69,32.77,25.6,16
"Server",22,4,4,3200,77,32.77,25.6,16
"Server",22,4,8,3300,69,32.77,25.6,16
"Server",22,4,8,3400,69,32.77,25.6,16
"Server",22,4,8,3400,77,32.77,25.6,16
"Server",22,4,8,2500,45,32.77,25.6,16
"Server",22,4,8,3500,69,32.77,25.6,16
"Server",22,4,8,3600,69,32.77,25.6,16
"Server",22,4,8,3500,77,32.77,25.6,16
"Server",22,4,8,3700,87,32.77,25.6,16
"Embedded",32,4,8,2000,40,32,25.6,20
"Server",32,4,4,3100,80,32,21,20
"Server",32,2,4,2200,20,32,21,20
"Server",32,4,4,3100,95,32,21,20
"Server",32,4,8,3200,80,32,21,20
"Server",32,4,8,3300,80,32,21,20
"Server",32,4,8,3200,95,32,21,20
"Server",32,4,8,3300,95,32,21,20
"Server",32,4,8,2400,45,32,21,20
"Server",32,4,8,3400,95,32,21,20
"Server",32,4,8,3400,80,32,21,20
"Server",32,4,8,3500,95,32,21,20
"Server",14,4,8,2200,35,128,25.6,32
"Server",14,4,8,2200,45,128,25.6,32
"Server",14,4,8,2400,45,128,25.6,32
"Server",14,4,8,2000,45,128,25.6,32
"Server",14,4,8,2200,35,128,25.6,32
"Server",14,6,12,1900,35,128,25.6,32
"Server",14,4,8,1300,20,128,25.6,24
"Server",14,6,12,2200,45,128,25.6,32
"Server",14,6,12,2100,45,128,25.6,32
"Server",14,8,16,1700,35,128,25.6,32
"Server",14,8,16,1600,35,128,25.6,32
"Server",14,8,16,2000,45,128,25.6,32
"Server",14,8,16,2100,45,128,25.6,32
"Server",14,8,16,1900,45,128,25.6,32
"Server",14,8,16,2000,45,128,25.6,32
"Server",14,12,24,1500,45,128,25.6,32
"Server",14,12,24,1500,45,128,25.6,32
"Server",14,12,24,2100,65,128,25.6,32
"Server",14,8,16,2300,65,128,25.6,32
"Server",14,16,32,1300,45,128,25.6,32
"Server",14,16,32,1300,45,128,25.6,32
"Server",32,4,4,2130,80,288,25.6,16
"Server",130,1,4,2400,40,32,25.6,16
"Server",90,1,4,2800,55,32,25.6,16
"Server",32,4,4,2260,80,288,25.6,16
"Server",130,1,4,1600,30,32,25.6,16
"Server",32,4,8,2400,80,288,25.6,16
"Server",130,1,4,3000,85,32,25.6,16
"Server",32,4,8,2530,80,288,25.6,16
"Server",130,1,4,3000,85,32,25.6,16
"Server",90,1,4,3800,110,32,25.6,16
"Server",32,4,8,2660,80,288,25.6,16
"Server",130,1,4,2800,74,32,25.6,16
"Server",90,1,4,3800,110,32,25.6,16
"Server",32,6,12,2400,80,288,32,16
"Server",130,1,4,2800,72,32,25.6,16
"Server",32,6,12,2530,80,288,32,16
"Server",130,1,4,2700,80,32,25.6,16
"Server",90,1,4,3600,110,32,25.6,16
"Server",32,4,4,1860,40,288,25.6,16
"Server",90,1,4,3600,110,32,25.6,16
"Server",130,1,4,2600,60,32,25.6,16
"Server",32,4,8,1870,40,32,25.6,16
"Server",45,2,2,1860,80,144,19.2,16
"Server",45,4,4,2000,80,32,25.6,16
"Server",130,1,4,2500,66,32,25.6,16
"Server",90,1,4,3600,103,32,25.6,16
"Server",32,4,8,2130,40,288,25.6,16
"Server",45,2,2,2000,80,144,19.2,16
"Server",45,4,4,2330,80,32,25.6,16
"Server",130,1,4,2400,65,32,25.6,16
"Server",90,1,4,3400,110,32,25.6,16
"Server",45,4,4,2000,80,144,19.2,16
"Server",32,6,12,2000,60,32,25.6,16
"Server",45,4,4,2500,80,32,25.6,16
"Server",90,1,4,3400,110,32,25.6,16
"Server",130,1,4,2200,61,32,25.6,16
"Server",45,4,4,2130,80,144,19.2,16
"Server",45,2,4,1860,65,32,25.6,16
"Server",45,4,4,2660,80,32,25.6,16
"Server",130,1,4,2200,65,32,25.6,16
"Server",90,1,4,3400,103,32,25.6,16
"Server",32,6,12,2260,60,288,32,16
"Server",45,4,4,2260,80,144,19.2,16
"Server",45,2,4,2330,65,32,25.6,16
"Server",45,4,4,2830,80,32,25.6,16
"Server",65,2,4,1660,15,32,25.6,16
"Server",130,1,4,2000,58,32,25.6,16
"Server",90,1,4,3200,110,32,25.6,16
"Server",32,4,8,2930,130,288,25.6,16
"Server",45,4,8,2260,80,144,25.6,16
"Server",45,4,4,3000,80,32,25.6,16
"Embedded",45,2,4,3000,65,32,25.6,16
"Server",65,2,4,2160,31,32,25.6,16
"Server",90,1,4,3200,110,32,25.6,16
"Server",130,1,4,2000,57,32,25.6,16
"Server",32,6,12,2660,95,288,32,16
"Server",45,4,8,2400,80,144,25.6,16
"Server",45,4,4,2800,80,32,25.6,16
"Server",90,1,4,3200,103,32,25.6,16
"Server",130,1,4,3200,92,32,25.6,16
"Server",180,1,4,2000,77.5,32,25.6,16
"Server",65,2,4,2000,31,32,25.6,16
"Server",65,2,4,1600,65,32,25.6,16
"Server",32,6,12,2800,95,288,32,16
"Server",45,4,8,2530,80,144,25.6,16
"Server",45,4,4,3000,80,32,25.6,16
"Server",130,1,4,2000,57,32,25.6,16
"Server",130,1,4,3200,92,32,25.6,16
"Server",65,2,4,1860,65,32,25.6,16
"Server",32,4,8,3060,95,288,32,16
"Server",32,1,4,600,47,32,25.6,16
"Server",45,4,4,2130,60,144,19.2,16
"Server",45,4,4,2830,65,32,25.6,16
"Server",45,2,4,1860,20,32,25.6,16
"Embedded",45,4,4,2130,40,32,25.6,16
"Server",65,4,4,1600,80,32,25.6,16
"Server",130,1,4,1900,55,32,25.6,16
"Server",130,1,4,3060,85,32,25.6,16
"Server",65,2,4,1660,31,32,25.6,16
"Server",65,2,4,2000,65,32,25.6,16
"Server",90,2,4,2800,135,32,25.6,16
"Server",90,1,4,3000,110,32,25.6,16
"Server",32,6,12,2930,95,288,32,16
"Embedded",45,2,4,2000,38,144,25.6,16
"Server",45,4,4,2500,95,32,25.6,16
"Server",45,4,4,2330,50,32,25.6,16
"Server",65,4,4,1860,80,32,25.6,16
"Server",32,1,4,900,47,32,25.6,16
"Server",65,2,4,2600,95,32,25.6,16
"Server",130,1,4,3060,87,32,25.6,16
"Server",130,1,4,1800,55,32,25.6,16
"Server",65,2,4,2330,65,32,25.6,16
"Server",65,2,4,1860,65,32,25.6,16
"Server",90,1,4,3000,103,32,25.6,16
"Server",32,4,8,3200,95,288,32,16
"Server",45,4,8,1870,95,32,25.6,16
"Server",32,2,4,2260,30,16.38,17,16
"Embedded",45,4,8,2130,60,144,25.6,16
"Server",45,4,4,2130,90,32,25.6,16
"Embedded",45,2,4,2660,35,32,25.6,16
"Server",45,4,4,2500,50,32,25.6,16
"Server",65,4,4,2000,80,32,25.6,16
"Server",90,1,4,3000,55,32,25.6,16
"Server",180,1,4,700,29.6,32,25.6,16
"Server",65,2,4,2500,95,32,25.6,16
"Server",180,1,4,1700,65.8,32,25.6,16
"Server",65,2,4,2660,65,32,25.6,16
"Server",65,2,4,2130,65,32,25.6,16
"Server",32,6,12,3060,95,288,32,16
"Server",32,6,12,3200,130,24,25.6,16
"Server",45,6,12,1870,105,32,25.6,16
"Server",45,4,8,1860,45,32,21,16
"Server",45,4,8,2260,60,144,25.6,16
"Server",45,4,8,2660,130,24,25.6,16
"Server",45,4,4,2130,90,32,25.6,16
"Server",45,4,4,2660,95,32,25.6,16
"Server",45,2,4,3000,40,32,25.6,16
"Server",45,4,4,2660,50,32,25.6,16
"Server",65,4,4,1600,80,32,25.6,16
"Server",65,4,4,2330,80,32,25.6,16
"Server",180,1,4,700,29.6,32,25.6,16
"Server",90,1,4,3000,103,32,25.6,16
"Server",180,1,4,933,29.6,32,25.6,16
"Server",65,2,4,3000,80,32,25.6,16
"Server",65,2,4,3000,95,32,25.6,16
"Server",65,2,4,2660,95,32,25.6,16
"Server",65,2,4,2400,65,32,25.6,16
"Server",32,4,8,3460,130,288,32,16
"Server",45,6,12,2000,105,32,25.6,16
"Server",45,4,4,2400,95,32,21,16
"Server",45,4,8,2400,60,144,25.6,16
"Server",45,4,8,2800,130,24,25.6,16
"Server",45,4,4,2400,90,32,25.6,16
"Server",45,4,4,3000,120,32,25.6,16
"Server",45,4,4,2660,95,32,25.6,16
"Server",65,4,4,2130,80,32,25.6,16
"Server",65,2,4,2330,65,32,25.6,16
"Server",65,2,4,1600,40,32,25.6,16
"Server",65,4,4,1600,50,32,25.6,16
"Server",180,1,4,866,27.4,32,25.6,16
"Server",250,1,4,550,34,32,25.6,16
"Server",180,1,4,1600,72,32,25.6,16
"Server",130,1,4,2800,74,32,25.6,16
"Server",65,2,4,3000,95,32,25.6,16
"Server",65,2,4,2830,95,32,25.6,16
"Server",90,1,4,3660,110,32,25.6,16
"Server",90,1,4,2800,110,32,25.6,16
"Server",32,1,4,450,34.5,32,25.6,16
"Embedded",45,4,4,2000,85,32,25.6,16
"Server",45,6,12,1870,95,32,25.6,16
"Server",45,4,8,2530,95,32,21,16
"Server",45,4,8,2930,130,24,25.6,16
"Server",45,4,8,3200,130,144,32,16
"Server",45,6,4,2400,90,32,25.6,16
"Server",65,4,4,1600,40,32,25.6,16
"Server",45,4,4,3160,120,32,25.6,16
"Server",65,4,4,2400,80,32,25.6,16
"Server",180,1,4,800,25.4,32,25.6,16
"Server",250,1,4,550,39.5,32,25.6,16
"Server",180,1,4,1500,68,32,25.6,16
"Server",65,2,4,3200,150,32,25.6,16
"Server",130,1,4,2800,77,32,25.6,16
"Server",65,2,4,3000,95,32,25.6,16
"Server",65,2,4,2660,65,32,25.6,16
"Server",90,1,4,3330,129,32,25.6,16
"Server",90,1,4,2800,103,32,25.6,16
"Server",32,1,4,450,46.7,32,25.6,16
"Server",32,6,12,3330,130,24,32,16
"Server",32,6,12,3330,130,288,32,16
"Embedded",45,4,4,2130,65,32,25.6,16
"Embedded",45,2,2,2270,65,32,25.6,16
"Server",45,4,8,2660,95,32,21,16
"Server",45,8,16,1870,95,32,25.6,16
"Server",45,4,8,3330,130,144,32,16
"Server",45,4,8,3060,130,24,25.6,16
"Server",45,4,4,3330,120,32,25.6,16
"Server",45,2,4,3000,65,32,25.6,16
"Server",45,4,4,2830,95,32,25.6,16
"Server",45,2,4,3330,80,32,25.6,16
"Server",90,1,4,2800,110,32,25.6,16
"Server",65,2,4,1860,40,32,25.6,16
"Server",65,4,4,1860,50,32,25.6,16
"Server",180,1,4,733,23.3,32,25.6,16
"Server",250,1,4,550,34,32,25.6,16
"Server",65,2,4,3160,150,32,25.6,16
"Server",130,1,4,2660,72,32,25.6,16
"Server",180,1,4,1500,59.2,32,25.6,16
"Server",90,2,4,2660,165,32,25.6,16
"Server",65,2,4,3200,130,32,25.6,16
"Server",90,1,4,3160,110,32,25.6,16
"Server",90,1,4,3500,110,32,25.6,16
"Server",32,4,8,3600,130,288,32,16
"Server",32,1,4,450,46.7,32,25.6,16
"Embedded",45,1,1,1730,23,32,25.6,16
"Embedded",45,4,8,2530,85,32,25.6,16
"Server",45,6,6,2670,130,32,25.6,16
"Server",32,4,8,1730,105,32,25.6,16
"Server",45,4,8,2800,95,32,21,16
"Server",45,4,8,3200,130,24,25.6,16
"Server",45,4,8,2660,95,144,32,16
"Server",45,4,4,2130,50,32,25.6,16
"Server",45,2,4,3500,80,32,25.6,16
"Server",14,18,36,2300,140,512,85.3,48
"Server",45,4,4,3000,120,32,25.6,16
"Server",14,10,20,3300,140,512,85.3,48
"Server",14,8,16,3700,140,512,85.3,48
"Server",14,6,12,3700,140,512,85.3,48
"Server",14,6,12,3600,140,512,85.3,48
"Server",14,4,8,4000,120,512,85.3,48
"Server",14,4,8,3600,120,512,85.3,48
"Server",65,4,4,2400,80,32,25.6,16
"Server",65,4,4,2000,50,32,25.6,16
"Server",65,2,4,2200,40,32,25.6,16
"Server",65,4,4,2130,105,32,25.6,16
"Server",65,2,4,3200,95,32,25.6,16
"Server",180,1,4,667,21.3,32,25.6,16
"Server",250,1,4,500,36,32,25.6,16
"Server",130,1,4,1500,48,32,25.6,16
"Server",65,2,4,3400,150,32,25.6,16
"Server",130,1,4,2400,65,32,25.6,16
"Server",90,2,4,2800,165,32,25.6,16
"Server",90,1,4,3000,129,32,25.6,16
"Server",90,1,4,2800,103,32,25.6,16
"Server",32,6,12,3460,130,24,32,16
"Server",32,6,12,3460,130,288,32,16
"Server",32,1,4,400,30.8,32,25.6,16
"Embedded",45,2,4,1730,35,32,25.6,16
"Embedded",45,4,8,1730,48,32,25.6,16
"Server",45,8,16,2000,130,32,25.6,16
"Server",45,6,12,2000,105,32,25.6,16
"Server",45,4,8,2930,95,32,21,16
"Server",45,4,8,3200,130,24,32,16
"Server",45,4,8,2800,95,144,32,16
"Server",45,6,4,2130,65,32,25.6,16
"Embedded",45,1,4,2400,30,32,25.6,16
"Server",45,4,4,3000,95,32,25.6,16
"Server",45,2,4,3160,65,32,25.6,16
"Server",45,2,4,3400,80,32,25.6,16
"Server",45,4,4,3200,150,32,25.6,16
"Server",65,4,4,1860,50,32,25.6,16
"Server",65,2,4,2400,80,32,25.6,16
"Server",65,2,4,2130,35,32,25.6,16
"Server",65,4,4,2660,120,32,25.6,16
"Server",65,4,4,2400,105,32,25.6,16
"Server",180,1,4,600,19.2,32,25.6,16
"Server",250,1,4,500,36.2,32,25.6,16
"Server",180,1,4,1400,64,32,25.6,16
"Server",65,2,4,3330,150,32,25.6,16
"Server",130,1,4,2400,77,32,25.6,16
"Server",90,2,4,3000,165,32,25.6,16
"Server",65,2,4,3460,130,32,25.6,16
"Server",90,1,4,3000,47,32,25.6,16
"Server",32,1,4,400,18.6,32,25.6,16
"Server",45,4,8,3060,95,32,21,16
"Embedded",45,4,8,2130,60,32,25.6,16
"Server",45,8,16,2270,130,32,25.6,16
"Server",45,8,16,2000,130,32,25.6,16
"Server",45,4,4,3160,95,32,25.6,16
"Server",45,4,8,3330,130,24,32,16
"Server",45,4,8,2930,95,144,32,16
"Server",45,6,4,2660,130,32,25.6,16
"Server",45,4,4,3400,150,32,25.6,16
"Server",45,2,4,3000,45,32,25.6,16
"Server",65,4,4,2660,95,32,25.6,16
"Server",65,4,4,2930,130,32,25.6,16
"Server",65,2,4,2930,80,32,25.6,16
"Server",65,4,4,3000,150,32,25.6,16
"Server",65,2,4,3500,150,32,25.6,16
"Server",250,1,4,500,44,32,25.6,16
"Server",180,1,4,1000,30.8,32,25.6,16
"Server",130,1,4,2000,58,32,25.6,16
"Server",180,1,4,1400,56,32,25.6,16
"Server",90,2,4,3000,165,32,25.6,16
"Server",65,2,4,2330,40,32,25.6,16
"Server",65,2,4,3730,130,32,25.6,16
"Server",90,1,4,2830,129,32,25.6,16
"Server",22,60,4,1050,225,8,320,16
"Server",22,60,4,1050,245,8,352,16
"Server",22,61,4,1240,300,16,352,16
"Server",22,61,4,1240,300,16,352,16
"Server",22,61,4,1240,270,16,352,16
"Server",22,61,4,1240,300,16,352,16
"Server",14,72,4,1500,245,384,115.2,36
"Server",14,68,4,1400,230,384,115.2,4
"Server",14,68,4,1400,215,384,115.2,36
"Server",14,64,4,1300,230,384,115.2,4
"Server",14,64,4,1300,215,384,115.2,36
"Server",14,64,4,1300,230,384,102,4
"Server",14,64,4,1300,215,384,102,36
"Server",32,4,8,2530,170,32,25.6,16
"Server",32,8,16,2130,170,32,25.6,16
"Server",32,4,8,1730,130,32,25.6,16
"Server",32,8,16,2130,170,32,25.6,16
"Server",32,4,8,2400,170,32,25.6,16
"Server",32,8,16,2530,170,32,25.6,16
"Server",32,6,12,1730,105,32,25.6,16
"Server",22,12,24,2300,105,32,68,32
"Server",22,8,16,2000,115,32,85,32
"Server",14,8,16,2100,115,32,85,32
"Server",14,6,6,1700,85,768,25.6,48
"Desktop",65,1,4,3600,65,32,25.6,16
"Mobile",22,2,2,1800,35,32,25.6,1
"Embedded",22,2,2,2200,37,32,25.6,16
"Desktop",22,2,2,2800,55,32,21,16
"Server",14,2,2,1200,20,128,25.6,32
"Mobile",32,4,8,2700,55,32,25.6,1
"Mobile",22,2,4,1600,11.5,16,25.6,12
"Desktop",22,4,4,3400,84,32,25.6,16
"Mobile",22,2,4,3000,28,16,25.6,12
"Mobile",14,2,4,800,4.5,16,25.6,12
"Mobile",14,2,4,800,4.5,16,25.6,12
"Mobile",14,2,4,2200,15,16,25.6,12
"Mobile",14,2,4,1600,15,16,25.6,12
"Mobile",14,2,4,2700,28,16,25.6,12
"Mobile",14,2,4,2900,28,16,25.6,12
"Mobile",14,2,4,2300,15,16,25.6,12
"Mobile",14,2,4,3100,47,32,25.6,16
"Mobile",14,2,4,1800,15,16,25.6,12
"Desktop",14,4,4,2800,65,32,29.86,16
"Desktop",14,4,4,3100,65,32,25.6,16
"Mobile",14,2,4,2000,15,16,25.6,12
"Desktop",14,4,4,3100,65,32,29.86,16
"Mobile",14,2,4,2100,15,16,25.6,12
"Mobile",14,2,4,2100,15,16,25.6,12
"Mobile",14,2,4,2200,15,16,25.6,12
"Mobile",14,2,4,2500,28,16,25.6,12
"Mobile",14,2,4,800,4.5,16,25.6,12
"Mobile",14,2,4,900,4.5,16,25.6,12
"Mobile",14,2,4,1100,4.5,16,25.6,12
"Mobile",14,2,4,1100,4.5,16,25.6,12
"Mobile",14,2,4,1200,4.5,16,25.6,12
"Mobile",22,2,4,2800,28,16,25.6,12
"Mobile",22,2,4,1500,15,16,25.6,12
"Mobile",22,2,4,2000,15,16,25.6,12
"Mobile",22,2,4,1800,15,16,25.6,12
"Mobile",22,2,4,1700,15,16,25.6,12
"Mobile",22,2,4,1700,11.5,16,25.6,12
"Mobile",22,2,4,3000,37,32,25.6,16
"Mobile",22,2,4,2100,15,16,25.6,12
"Mobile",22,2,4,2900,37,32,25.6,16
"Desktop",22,4,8,2700,45,32,25.6,16
"Desktop",22,4,8,3200,65,32,25.6,16
"Desktop",22,4,8,3600,84,32,25.6,16
"Desktop",22,4,8,2200,35,32,25.6,16
"Desktop",22,4,8,3500,84,32,25.6,16
"Embedded",22,4,8,2300,45,32,25.6,16
"Desktop",22,4,8,2500,45,32,25.6,16
"Desktop",22,4,8,3100,65,32,25.6,16
"Desktop",22,4,8,3200,65,32,25.6,16
"Desktop",22,4,8,3400,84,32,25.6,16
"Desktop",22,4,8,2000,35,32,25.6,16
"Desktop",22,4,8,3500,84,32,25.6,16
"Desktop",22,4,8,4000,88,32,25.6,16
"Mobile",22,4,8,2200,47,32,25.6,16
"Mobile",22,4,8,2100,47,32,25.6,16
"Mobile",22,4,8,2000,47,32,25.6,16
"Mobile",22,4,8,2400,37,32,25.6,16
"Mobile",22,4,8,2600,47,32,25.6,16
"Mobile",22,4,8,2300,37,32,25.6,16
"Mobile",22,4,8,2300,37,32,25.6,16
"Mobile",22,4,8,2500,47,32,25.6,16
"Mobile",22,4,8,2500,47,32,25.6,16
"Mobile",22,4,8,2200,37,32,25.6,16
"Mobile",22,4,8,2200,37,32,25.6,16
"Embedded",22,4,8,2000,27,32,25.6,16
"Mobile",22,4,8,2400,47,32,25.6,16
"Mobile",22,4,8,2400,47,32,25.6,16
"Embedded",22,4,8,2400,47,32,25.6,16
"Embedded",22,4,8,2700,43,32,25.6,16
"Mobile",22,4,8,2500,47,32,25.6,16
"Mobile",22,4,8,2400,47,32,25.6,16
"Mobile",22,4,8,2300,47,32,25.6,16
"Mobile",22,4,8,2800,47,32,25.6,16
"Mobile",22,4,8,2700,47,32,25.6,16
"Mobile",22,4,8,2800,47,32,25.6,16
"Mobile",22,4,8,2600,47,32,25.6,16
"Mobile",22,4,8,2400,47,32,25.6,16
"Mobile",22,4,8,2900,47,32,25.6,16
"Mobile",22,4,8,2800,47,32,25.6,16
"Mobile",22,2,4,2600,28,16,25.6,12
"Mobile",22,2,4,2600,28,16,25.6,12
"Mobile",22,2,4,1400,15,16,25.6,12
"Mobile",22,2,4,2400,28,16,25.6,12
"Mobile",22,2,4,1300,15,16,25.6,12
"Mobile",22,2,4,1600,11.5,16,25.6,12
"Mobile",22,2,4,1500,11.5,16,25.6,12
"Mobile",22,2,4,1700,15,16,25.6,12
"Mobile",22,2,4,2600,37,32,25.6,16
"Mobile",22,2,4,2900,47,32,25.6,16
"Mobile",22,2,4,1600,11.5,16,25.6,12
"Mobile",22,2,4,1400,11.5,16,25.6,12
"Mobile",22,2,4,1600,15,16,25.6,12
"Mobile",22,2,4,2500,37,32,25.6,16
"Mobile",22,2,4,1500,15,16,25.6,12
"Mobile",22,2,4,2800,47,32,25.6,16
"Mobile",22,2,4,1400,15,16,25.6,12
"Mobile",22,2,4,2900,37,32,25.6,16
"Mobile",22,2,4,2800,37,32,25.6,16
"Mobile",22,2,4,2000,15,16,25.6,12
"Mobile",22,2,4,2700,37,32,25.6,16
"Mobile",22,2,4,2800,28,16,25.6,12
"Mobile",22,2,4,1600,11.5,16,25.6,12
"Mobile",22,2,4,1600,11.5,16,25.6,12
"Mobile",22,2,4,1900,15,16,25.6,12
"Mobile",22,2,4,2600,37,32,25.6,16
"Desktop",22,4,4,3000,84,32,25.6,16
"Desktop",22,4,4,3100,84,32,25.6,16
"Desktop",22,4,4,2800,65,32,25.6,16
"Desktop",22,4,4,2700,65,32,25.6,16
"Desktop",22,4,4,3200,84,32,25.6,16
"Desktop",22,4,4,2900,65,32,25.6,16
"Desktop",22,4,4,1900,35,32,25.6,16
"Embedded",22,2,4,2700,37,16,25.6,16
"Embedded",22,2,4,1600,25,16,25.6,16
"Embedded",22,2,4,2500,27,32,25.6,16
"Embedded",22,2,4,2900,37,16,25.6,16
"Embedded",22,2,4,1800,25,16,25.6,16
"Desktop",22,4,4,2000,35,32,25.6,16
"Desktop",22,4,4,3000,65,32,25.6,16
"Desktop",22,4,4,3300,84,32,25.6,16
"Embedded",22,2,4,2700,35,32,25.6,16
"Desktop",22,2,4,2900,35,32,25.6,16
"Desktop",22,4,4,2900,65,32,25.6,16
"Desktop",22,4,4,2700,65,32,25.6,16
"Desktop",22,4,4,3200,84,32,25.6,16
"Desktop",22,4,4,2500,45,32,25.6,16
"Desktop",22,4,4,3200,65,32,25.6,16
"Desktop",22,4,4,3500,88,32,25.6,16
"Desktop",22,4,4,3500,84,32,25.6,16
"Desktop",22,4,4,2300,45,32,25.6,16
"Desktop",22,4,4,3000,65,32,25.6,16
"Desktop",22,4,4,3100,65,32,25.6,16
"Desktop",22,4,4,3400,84,32,25.6,16
"Mobile",45,1,4,1300,5.5,32,25.6,16
"Mobile",65,1,4,1730,31,32,25.6,16
"Mobile",65,1,4,1660,27,32,25.6,16
"Mobile",65,1,4,1860,31,32,25.6,16
"Mobile",65,1,4,1830,27,32,25.6,16
"Mobile",65,1,4,1060,6,32,25.6,16
"Mobile",65,1,4,1200,6,32,25.6,16
"Mobile",65,1,4,1330,5.5,32,25.6,16
"Mobile",65,1,4,1060,5.5,32,25.6,16
"Mobile",65,1,4,1200,5.5,32,25.6,16
"Mobile",45,1,4,1400,5.5,32,25.6,16
"Mobile",45,1,4,1200,5.5,32,25.6,16
"Mobile",65,2,4,1060,9,32,25.6,16
"Mobile",65,2,4,1200,9,32,25.6,16
"Mobile",65,2,4,1060,10,32,25.6,16
"Mobile",65,2,4,1060,10,32,25.6,16
"Mobile",65,2,4,1200,10,32,25.6,16
"Mobile",65,2,4,1200,10,32,25.6,16
"Mobile",65,2,4,1330,10,32,25.6,16
"Mobile",65,2,4,1600,31,32,25.6,16
"Mobile",65,2,4,1730,31,32,25.6,16
"Mobile",65,2,4,1660,31,32,25.6,16
"Mobile",65,2,4,1660,31,32,25.6,16
"Mobile",65,2,4,1860,31,32,25.6,16
"Mobile",65,2,4,1830,31,32,25.6,16
"Mobile",65,2,4,2000,31,32,25.6,16
"Mobile",65,2,4,2000,31,32,25.6,16
"Mobile",65,2,4,2160,31,32,25.6,16
"Mobile",65,2,4,1600,34,32,25.6,16
"Mobile",65,2,4,2330,31,32,25.6,16
"Mobile",65,2,4,1500,35,32,25.6,16
"Mobile",65,2,4,1400,35,32,25.6,16
"Mobile",65,2,4,1730,34,32,25.6,16
"Mobile",65,2,4,1660,35,32,25.6,16
"Mobile",65,2,4,1600,35,32,25.6,16
"Mobile",65,2,4,1660,34,32,25.6,16
"Mobile",65,2,4,1830,35,32,25.6,16
"Mobile",65,2,4,1830,34,32,25.6,16
"Mobile",65,2,4,1800,35,32,25.6,16
"Mobile",65,2,4,2000,35,32,25.6,16
"Mobile",65,2,4,2000,35,32,25.6,16
"Mobile",65,2,4,2000,35,32,25.6,16
"Mobile",45,2,4,2000,35,32,25.6,16
"Mobile",45,2,4,2100,35,32,25.6,16
"Mobile",45,2,4,2200,35,32,25.6,16
"Mobile",45,2,4,2200,35,32,25.6,16
"Mobile",22,2,4,1900,15,16,25.6,12
"Mobile",22,2,4,1900,15,16,25.6,10
"Mobile",22,2,4,1500,11.5,16,25.6,12
"Mobile",22,2,4,1500,11.5,16,25.6,12
"Mobile",22,2,4,1300,11.5,16,25.6,12
"Mobile",22,2,4,1700,15,16,25.6,12
"Mobile",22,2,4,1700,15,16,25.6,10
"Mobile",22,2,4,2400,37,32,25.6,16
"Desktop",22,2,4,3400,54,32,25.6,16
"Mobile",65,2,4,1800,35,32,25.6,16
"Desktop",22,2,4,2900,35,32,25.6,16
"Mobile",65,2,4,2000,34,32,25.6,16
"Mobile",65,2,4,2000,35,32,25.6,16
"Mobile",65,2,4,2000,35,32,25.6,16
"Mobile",65,2,4,2160,34,32,25.6,16
"Mobile",65,2,4,2200,35,32,25.6,16
"Mobile",65,2,4,2330,34,32,25.6,16
"Mobile",65,2,4,2400,35,32,25.6,16
"Mobile",45,2,4,2100,35,32,25.6,16
"Mobile",45,2,4,2400,35,32,25.6,16
"Mobile",65,2,4,2600,35,32,25.6,16
"Mobile",45,2,4,2500,35,32,25.6,16
"Mobile",45,2,4,2530,35,32,25.6,16
"Mobile",45,2,4,2600,35,32,25.6,16
"Mobile",45,2,4,2660,35,32,25.6,16
"Mobile",45,2,4,2800,35,32,25.6,16
"Mobile",45,2,4,2930,35,32,25.6,16
"Mobile",45,2,4,3060,35,32,25.6,16
"Mobile",45,2,4,1200,10,32,25.6,16
"Mobile",45,2,4,1400,10,32,25.6,16
"Mobile",45,2,4,1600,10,32,25.6,16
"Mobile",45,2,4,2260,25,32,25.6,16
"Mobile",45,2,4,2400,25,32,25.6,16
"Mobile",45,2,4,2530,25,32,25.6,16
"Desktop",22,2,4,3500,54,32,25.6,16
"Desktop",22,2,4,3000,35,32,25.6,16
"Desktop",22,2,4,3600,54,32,25.6,16
"Desktop",22,2,4,3100,35,32,25.6,16
"Desktop",22,2,4,3700,54,32,25.6,16
"Desktop",22,2,4,3200,35,32,25.6,16
"Mobile",22,2,4,2000,28,16,25.6,12
"Mobile",22,2,4,2000,15,16,25.6,12
"Embedded",22,2,4,1800,25,32,25.6,16
"Mobile",22,2,4,2600,37,32,25.6,16
"Embedded",22,2,4,2600,37,32,25.6,16
"Embedded",22,2,4,1600,25,16,25.6,16
"Mobile",22,2,4,2500,37,32,25.6,16
"Mobile",22,2,4,1800,15,16,25.6,12
"Embedded",22,2,4,2400,37,16,25.6,16
"Desktop",22,2,4,3300,35,32,25.6,16
"Desktop",22,2,4,3800,54,32,25.6,16
"Desktop",22,2,4,3200,35,32,25.6,16
"Desktop",22,2,4,3700,54,32,25.6,16
"Desktop",22,2,4,3100,35,32,25.6,16
"Desktop",22,2,4,3600,54,32,25.6,16
"Desktop",22,2,4,3600,54,32,25.6,16
"Embedded",22,2,4,2400,35,32,25.6,16
"Embedded",22,2,4,2600,35,32,25.6,16
"Desktop",22,2,4,3000,35,32,25.6,16
"Mobile",45,2,4,1800,17,32,25.6,16
"Mobile",45,2,4,1860,17,32,25.6,16
"Mobile",45,2,4,2130,17,32,25.6,16
"Mobile",45,2,4,1600,17,32,25.6,16
"Mobile",45,2,4,2000,25,32,25.6,16
"Mobile",45,2,4,2000,25,32,25.6,16
"Mobile",45,2,4,2130,25,32,25.6,16
"Mobile",45,2,4,2260,25,32,25.6,16
"Mobile",45,2,4,2260,25,32,25.6,16
"Mobile",45,2,4,2260,25,32,25.6,16
"Mobile",45,2,4,2400,25,32,25.6,16
"Mobile",45,2,4,2530,25,32,25.6,16
"Mobile",45,2,4,2660,25,32,25.6,16
"Mobile",45,2,4,2530,25,32,25.6,16
"Mobile",45,2,4,2660,25,32,25.6,16
"Mobile",45,2,4,2800,28,32,25.6,16
"Mobile",65,2,4,1830,15,32,25.6,16
"Mobile",65,2,4,1500,15,32,25.6,16
"Mobile",65,2,4,1660,15,32,25.6,16
"Mobile",65,2,4,1330,17,32,25.6,16
"Mobile",65,2,4,1400,17,32,25.6,16
"Mobile",65,2,4,1500,17,32,25.6,16
"Mobile",65,2,4,1600,17,32,25.6,16
"Mobile",65,2,4,1800,17,32,25.6,16
"Desktop",65,2,4,1800,65,32,25.6,16
"Desktop",22,2,4,3500,54,32,25.6,16
"Desktop",65,2,4,2000,65,32,25.6,16
"Desktop",65,2,4,2200,65,32,25.6,16
"Desktop",65,2,4,2400,65,32,25.6,16
"Desktop",65,2,4,2600,65,32,25.6,16
"Desktop",65,2,4,1860,65,32,25.6,16
"Desktop",65,2,4,2130,65,32,25.6,16
"Desktop",65,2,4,1860,65,32,25.6,16
"Desktop",65,2,4,2130,65,32,25.6,16
"Desktop",65,2,4,2330,65,32,25.6,16
"Desktop",65,2,4,2330,65,32,25.6,16
"Desktop",65,2,4,2400,65,32,25.6,16
"Desktop",65,2,4,2660,65,32,25.6,16
"Desktop",65,2,4,2660,65,32,25.6,16
"Desktop",65,2,4,3000,65,32,25.6,16
"Desktop",45,2,4,2530,65,32,25.6,16
"Desktop",45,2,4,2660,65,32,25.6,16
"Desktop",45,2,4,2800,65,32,25.6,16
"Desktop",45,2,4,2930,65,32,25.6,16
"Desktop",45,2,4,3060,65,32,25.6,16
"Desktop",45,2,4,2660,65,32,25.6,16
"Desktop",45,2,4,2660,65,32,25.6,16
"Desktop",45,2,4,2830,65,32,25.6,16
"Desktop",45,2,4,3000,65,32,25.6,16
"Desktop",45,2,4,3160,65,32,25.6,16
"Desktop",45,2,4,3330,65,32,25.6,16
"Desktop",65,4,4,2400,105,32,25.6,16
"Desktop",65,4,4,2660,105,32,25.6,16
"Desktop",45,4,4,2330,95,32,25.6,16
"Desktop",45,4,4,2330,65,32,25.6,16
"Desktop",45,4,4,2500,95,32,25.6,16
"Desktop",45,4,4,2660,95,32,25.6,16
"Desktop",45,4,4,2660,65,32,25.6,16
"Mobile",45,4,4,2000,45,32,25.6,16
"Mobile",45,4,4,2260,45,32,25.6,16
"Desktop",45,4,4,2500,95,32,25.6,16
"Desktop",45,4,4,2660,95,32,25.6,16
"Desktop",45,4,4,2660,65,32,25.6,16
"Desktop",45,4,4,2660,95,32,25.6,16
"Desktop",45,4,4,2830,95,32,25.6,16
"Desktop",45,4,4,2830,95,32,25.6,16
"Desktop",45,4,4,2830,65,32,25.6,16
"Desktop",45,4,4,2830,95,32,25.6,16
"Desktop",45,4,4,2830,65,32,25.6,16
"Desktop",45,4,4,3000,95,32,25.6,16
"Mobile",32,2,4,2130,35,8.79,17.1,16
"Mobile",32,2,4,2130,35,8,17.1,16
"Mobile",32,2,4,1200,18,8,12.8,16
"Mobile",32,2,4,2260,35,8,17.1,16
"Mobile",32,2,4,2400,35,8,17.1,16
"Mobile",32,2,4,2530,35,8,17.1,16
"Mobile",32,2,4,1330,18,8,12.8,16
"Desktop",32,2,4,2930,73,16.38,21,16
"Desktop",32,2,4,3060,73,16.38,21,16
"Desktop",32,2,4,3200,73,16.38,21,16
"Mobile",32,2,4,2260,35,8,17.1,16
"Mobile",32,2,4,1200,18,8,12.8,16
"Mobile",32,2,4,2400,35,8,17.1,16
"Mobile",32,2,4,2530,35,8,17.1,16
"Mobile",32,2,4,1330,18,8,12.8,16
"Embedded",32,2,4,2400,35,8.79,17.1,1
"Mobile",32,2,4,2400,35,8.3,17.1,16
"Mobile",32,2,4,1070,18,8,12.8,16
"Mobile",32,2,4,2530,35,8,17.1,16
"Mobile",32,2,4,1200,18,8,12.8,16
"Mobile",32,2,4,2660,35,8,17.1,16
"Mobile",32,2,4,1330,18,8,12.8,16
"Mobile",32,2,4,2660,35,8,17.1,16
"Desktop",32,2,4,3200,73,16.38,21,16
"Desktop",32,2,4,3200,73,16.38,21,16
"Desktop",32,2,4,3330,73,16.38,21,16
"Desktop",32,2,4,3330,87,16.38,21,16
"Desktop",32,2,4,3460,73,16.6,21,16
"Desktop",45,4,4,2660,95,16,21,16
"Desktop",45,4,4,2400,82,16,21,16
"Desktop",45,4,4,2800,95,16,21,16
"Embedded",32,2,4,2000,25,8.79,17.1,1
"Mobile",32,2,4,2000,25,8,17.1,16
"Mobile",32,2,4,2660,35,8,17.1,16
"Embedded",32,2,4,1060,18,8.79,12.8,1
"Mobile",32,2,4,1060,18,8,12.8,16
"Mobile",32,2,4,2130,25,8,17.1,16
"Mobile",32,2,4,2800,35,8,17.1,16
"Mobile",32,2,4,1200,18,8,12.8,16
"Mobile",32,2,4,2260,25,8,17.1,16
"Mobile",32,2,4,1330,18,8.79,12.8,16
"Mobile",32,2,4,1330,18,8,12.8,16
"Mobile",32,2,4,1460,18,8,12.8,16
"Mobile",45,4,8,1730,45,8,21,16
"Mobile",45,4,8,1860,45,8,21,16
"Desktop",45,4,8,2530,82,16,21,16
"Desktop",45,4,8,2930,95,16,21,16
"Desktop",45,4,8,2660,82,16,21,16
"Desktop",45,4,8,2930,95,16,21,16
"Desktop",45,4,8,3060,95,16,21,16
"Desktop",45,4,8,2800,130,24,25.6,16
"Desktop",45,4,8,2930,130,24,25.6,16
"Desktop",45,4,8,3060,130,24,25.6,16
"Desktop",45,4,8,3200,130,24,25.6,16
"Desktop",32,6,12,3200,130,24,25.6,16
"Desktop",32,6,12,3330,130,24,25.6,16
"Desktop",32,2,4,3330,73,16.38,21,16
"Mobile",32,2,4,2660,35,8,17.1,16
"Mobile",32,2,4,2660,35,8,17.1,16
"Desktop",32,2,4,3600,73,16.6,21,16
"Mobile",32,2,4,2530,35,8.79,17.1,16
"Mobile",45,4,8,1600,45,8,21,16
"Mobile",45,4,8,1730,45,8,21,16
"Desktop",45,4,8,2800,95,16,21,16
"Desktop",45,4,8,2660,130,24,25.6,16
"Desktop",32,2,4,3100,65,32,21,16
"Desktop",32,2,4,2500,35,32,21,16
"Desktop",32,2,4,3100,65,32,21,16
"Desktop",32,2,4,3100,65,32,21,16
"Embedded",32,2,4,2000,25,32,21.3,16
"Desktop",32,2,4,3300,65,32,21,16
"Desktop",32,2,4,2600,35,32,21,16
"Desktop",32,2,4,3300,65,32,21,16
"Desktop",32,2,4,3400,65,32,21,16
"Mobile",32,2,4,2100,35,16,21.3,16
"Embedded",32,2,4,2100,35,16.6,21.3,16
"Mobile",32,2,4,2100,35,16,21.3,16
"Mobile",32,2,4,2200,35,16,21.3,16
"Mobile",32,2,4,2200,35,16,21.3,16
"Mobile",32,2,4,2200,35,16.6,21.3,16
"Embedded",32,2,4,1300,17,16.6,21.3,16
"Mobile",32,2,4,2300,35,16,21.3,16
"Mobile",32,2,4,2300,35,16,21.3,16
"Mobile",32,2,4,1300,17,16,21.3,16
"Mobile",32,2,4,1400,17,16,25.6,16
"Mobile",32,2,4,1400,17,16,25.6,16
"Mobile",32,2,4,2400,35,16,21.3,16
"Mobile",32,2,4,1500,17,16,25.6,16
"Mobile",32,2,4,1500,17,16,25.6,16
"Desktop",32,4,4,2800,95,32,21,16
"Desktop",32,4,4,2900,95,32,21,16
"Desktop",32,4,4,3000,95,32,21,16
"Desktop",32,4,4,3100,95,32,21,16
"Desktop",32,2,4,2700,35,32,21,16
"Desktop",32,4,4,3100,95,32,21,16
"Desktop",32,4,4,2500,65,32,21,16
"Desktop",32,4,4,2500,65,32,21,16
"Mobile",32,2,4,2300,35,16,21.3,16
"Mobile",32,2,4,2400,35,16,21.3,16
"Mobile",32,2,4,2500,35,16,21.3,16
"Mobile",32,2,4,2400,35,16,21.3,16
"Desktop",32,4,4,3200,95,32,21,16
"Mobile",32,2,4,1600,17,8.01,21.3,16
"Desktop",32,4,4,3300,95,32,21,16
"Desktop",32,4,4,3300,95,32,21,16
"Desktop",32,4,4,2700,65,32,21,16
"Desktop",32,4,4,2300,45,32,21,16
"Mobile",32,2,4,2500,35,16.6,21.3,16
"Embedded",32,2,4,2500,35,16.6,21.3,16
"Mobile",32,2,4,2500,35,16,21.3,16
"Mobile",32,2,4,2600,35,16,21.3,16
"Mobile",32,2,4,1400,17,8.01,21.3,16
"Desktop",32,4,4,3400,95,32,21,16
"Desktop",32,4,8,3400,95,32,21,16
"Mobile",32,2,4,1700,17,8.01,21.3,16
"Desktop",32,4,8,3400,95,32,21,16
"Desktop",32,4,8,2800,65,32,21,16
"Embedded",32,2,4,1500,17,16.6,25.6,16
"Mobile",32,2,4,1500,17,8.01,21.3,16
"Mobile",32,2,4,2700,35,16,21.3,16
"Mobile",32,4,8,2000,45,16,21.3,16
"Mobile",32,2,4,2100,25,8.01,21.3,16
"Mobile",32,4,8,2000,45,16,21.3,16
"Mobile",32,2,4,1700,17,8.01,21.3,16
"Mobile",32,2,4,2800,35,16,21.3,16
"Mobile",32,2,4,2300,25,8.01,21.3,16
"Embedded",32,2,4,2200,25,16.6,25.6,16
"Mobile",32,2,4,1600,17,8.01,21.3,16
"Mobile",32,4,8,2200,45,16,21.3,16
"Mobile",32,4,8,2200,45,32,21.3,16
"Mobile",32,2,4,1800,17,8.01,21.3,16
"Desktop",32,4,8,3500,95,32,21,16
"Embedded",32,4,8,2100,45,16.6,25.6,16
"Mobile",32,4,8,2100,45,16.6,25.6,20
"Mobile",32,4,8,2200,45,32,25.6,16
"Mobile",32,4,8,2400,45,32,25.6,16
"Mobile",32,4,8,2500,45,32,25.6,16
"Mobile",32,4,8,2300,45,32,25.6,16
"Mobile",22,2,4,2400,35,32,25.6,1
"Embedded",22,2,4,2500,25,32,21.3,20
"Mobile",22,2,4,2500,35,32,25.6,1
"Embedded",22,2,4,2400,35,16,25.6,1
"Mobile",22,2,4,2600,35,32,25.6,1
"Desktop",22,2,4,3200,55,32,25.6,16
"Mobile",22,2,4,1800,17,32,25.6,1
"Embedded",22,2,4,1600,17,16,25.6,1
"Desktop",22,2,4,3300,55,32,25.6,16
"Desktop",22,2,4,2800,35,32,25.6,16
"Desktop",22,2,4,3300,55,32,25.6,16
"Mobile",22,2,4,1900,17,32,25.6,1
"Desktop",22,2,4,3400,55,32,25.6,16
"Mobile",22,2,4,1400,13,32,25.6,16
"Desktop",22,2,4,3400,55,32,25.6,16
"Desktop",22,2,4,2900,35,32,25.6,16
"Desktop",22,2,4,3500,55,32,25.6,16
"Mobile",22,2,4,2500,35,32,25.6,1
"Desktop",22,2,4,3000,35,32,25.6,16
"Mobile",22,2,4,2600,35,32,25.6,1
"Mobile",22,2,4,2600,35,32,25.6,1
"Mobile",22,2,4,1700,17,32,25.6,1
"Mobile",22,2,4,2600,35,32,25.6,1
"Mobile",22,2,4,2500,35,32,25.6,1
"Desktop",22,4,4,3000,77,32,25.6,16
"Desktop",22,4,4,2700,65,32,25.6,16
"Mobile",22,2,4,1800,17,32,25.6,1
"Mobile",22,2,4,1500,13,32,25.6,16
"Desktop",22,4,4,3100,77,32,25.6,16
"Desktop",22,4,4,2800,65,32,25.6,16
"Mobile",22,2,4,2700,35,32,25.6,1
"Desktop",22,4,4,3100,69,32.23,25.6,16
"Mobile",22,2,4,2800,35,32,25.6,1
"Mobile",22,2,4,1800,17,32,25.6,1
"Mobile",22,2,4,2900,35,32,25.6,1
"Mobile",22,2,4,1900,17,32,25.6,1
"Mobile",22,2,4,1500,13,32,25.6,16
"Desktop",22,4,4,3100,77,32,25.6,16
"Desktop",22,4,4,2800,65,32,25.6,16
"Desktop",22,4,4,3200,77,32,25.6,16
"Desktop",22,4,4,2900,65,32,25.6,16
"Desktop",22,2,4,2900,35,32,25.6,16
"Desktop",22,4,4,2900,65,32,25.6,16
"Desktop",22,4,4,3300,77,32,25.6,16
"Desktop",22,4,4,3000,65,32,25.6,16
"Desktop",22,4,4,3400,77,32,25.6,16
"Desktop",22,4,4,3400,77,32,25.6,16
"Desktop",22,4,4,2300,45,32,25.6,16
"Desktop",22,4,4,3100,65,32,25.6,16
"Embedded",22,2,4,2700,35,16,25.6,1
"Mobile",22,2,4,1900,17,32,25.6,16
"Mobile",22,2,4,2900,35,32,25.6,16
"Embedded",22,2,4,1700,17,16,25.6,16
"Mobile",22,2,4,2000,17,32,25.6,16
"Mobile",22,2,4,3000,35,32,25.6,16
"Embedded",22,2,4,2500,25,16,25.6,16
"Embedded",22,4,8,2300,45,32.23,25.6,16
"Mobile",22,4,8,2300,45,32,25.6,16
"Mobile",22,4,8,2100,35,32,25.6,16
"Embedded",22,4,8,2100,35,16.11,25.6,16
"Mobile",22,4,8,2100,35,32,25.6,16
"Embedded",22,4,8,2300,45,16.11,25.6,16
"Mobile",22,4,8,2300,45,32,25.6,16
"Mobile",22,4,8,2400,45,32,25.6,16
"Mobile",22,4,8,2200,35,32,25.6,16
"Mobile",22,4,8,2200,35,32,25.6,16
"Mobile",22,4,8,2400,45,32,25.6,16
"Mobile",22,2,4,2000,17,32,25.6,16
"Mobile",22,2,4,2100,17,32,25.6,16
"Mobile",22,2,4,1500,13,32,25.6,16
"Mobile",22,4,8,2600,45,32,25.6,16
"Desktop",22,4,8,3400,77,32,25.6,16
"Mobile",22,4,8,2700,45,32,25.6,16
"Desktop",22,4,8,3500,77,32,25.6,16
"Desktop",22,4,8,3100,65,32,25.6,16
"Desktop",22,4,8,2500,45,32,25.6,16
"Mobile",22,4,8,2700,45,32,25.6,16
"Mobile",22,4,8,2800,45,32,25.6,16
"Desktop",65,4,4,2660,130,32,25.6,16
"Desktop",65,4,4,2930,130,32,25.6,16
"Desktop",65,4,4,3000,130,32,25.6,16
"Mobile",45,4,4,2530,45,32,25.6,16
"Desktop",45,4,4,3000,130,32,25.6,16
"Desktop",45,4,4,3200,136,32,25.6,16
"Desktop",45,4,4,3200,150,32,25.6,16
"Desktop",65,2,4,2930,75,32,25.6,16
"Mobile",65,2,4,2600,44,32,25.6,16
"Mobile",65,2,4,2800,44,32,25.6,16
"Mobile",45,2,4,2800,44,32,25.6,16
"Mobile",45,2,4,3060,44,32,25.6,16
"Mobile",45,4,8,2000,55,8,21,16
"Mobile",45,4,8,2130,55,8,21,16
"Desktop",45,4,8,3200,130,24,25.6,16
"Desktop",45,4,8,3330,130,24,25.6,16
"Desktop",32,6,12,3330,130,24,25.6,16
"Desktop",32,6,12,3460,130,24,25.6,16
"Mobile",32,4,8,2500,55,32,25.6,16
"Server",14,2,4,2200,25,128,25.6,32
"Server",14,2,2,1500,19,128,25.6,32
"Server",14,4,8,1600,25,128,25.6,32
"Server",14,4,8,1500,25,128,25.6,32
"Desktop",22,2,2,2900,55,32,21,16
"Desktop",22,2,2,3000,55,32,21,16
"Desktop",22,2,2,2500,35,32,21,16
"Desktop",22,2,2,2600,35,32,21,16
"Desktop",22,2,2,2600,35,32,25.6,16
"Desktop",22,2,2,3100,55,32,25.6,16
"Desktop",22,2,2,2700,35,32,25.6,16
"Desktop",22,2,2,3200,55,32,25.6,16
"Desktop",22,2,2,3300,55,32,25.6,16
"Embedded",14,2,2,2400,35,64,34.1,16
"Desktop",14,2,2,2900,35,64,34.1,16
"Desktop",14,2,2,3300,54,64,34.1,16
"Desktop",14,2,4,3500,54,64,25.6,16
"Desktop",14,2,2,3600,51,64,34.1,16
"Desktop",14,2,2,3500,51,64,34.1,16
"Desktop",14,2,2,3000,35,64,34.1,16
"Desktop",14,2,4,2900,35,64,25.6,16
"Desktop",14,2,4,3700,51,64,25.6,16
"Desktop",14,2,4,3600,51,64,25.6,16
"Desktop",14,2,4,3000,35,64,25.6,16
"Desktop",22,2,2,3000,53,32,21.3,16
"Desktop",22,2,2,3100,53,32,21.3,16
"Desktop",22,2,2,2600,35,32,21.3,16
"Desktop",22,2,2,2700,35,32,21.3,16
"Desktop",22,2,2,3200,53,32,21.3,16
"Desktop",22,2,2,3200,53,32,21.3,16
"Desktop",22,2,2,3300,53,32,21.3,16
"Desktop",22,2,2,2800,35,32,21.3,16
"Desktop",22,2,2,2900,35,32,21.3,16
"Embedded",22,2,2,2300,35,32,21.3,16
"Desktop",22,2,2,3200,53,32,25.6,16
"Desktop",22,2,2,2700,35,32,25.6,16
"Desktop",22,2,2,3300,53,32,25.6,16
"Desktop",22,2,2,3300,53,32,25.6,16
"Desktop",22,2,2,2800,35,32,25.6,16
"Desktop",22,2,2,3400,53,32,25.6,16
"Desktop",22,2,2,2900,35,32,25.6,16
"Desktop",22,2,2,3500,53,32,25.6,16
"Desktop",22,2,2,3000,35,32,25.6,16
"Desktop",22,2,2,3600,53,32,25.6,16
"Embedded",22,2,2,1500,25,32,25.6,16
"Mobile",22,2,2,2000,37,32,25.6,16
"Mobile",22,2,2,1400,15,16,25.6,10
"Mobile",22,2,2,1400,15,16,25.6,10
"Mobile",22,2,2,2200,37,32,25.6,16
"Mobile",22,2,2,1100,11.5,16,25.6,12
"Mobile",22,2,2,1600,15,16,25.6,12
"Mobile",22,2,2,1600,15,16,25.6,12
"Mobile",22,2,2,1900,35,32,25.6,1
"Mobile",22,2,2,1500,17,32,25.6,1
"Mobile",22,2,2,1600,17,32,25.6,1
"Mobile",22,2,2,1000,10,32,25.6,16
"Embedded",22,2,2,2200,35,16,25.6,1
"Mobile",22,2,2,2100,35,32,25.6,1
"Mobile",22,2,2,1800,17,32,25.6,1
"Embedded",22,2,2,1400,17,16,25.6,1
"Desktop",65,1,4,3460,65,32,25.6,16
"Desktop",65,1,4,3330,86,32,25.6,16
"Desktop",90,1,4,3330,84,32,25.6,16
"Desktop",65,1,4,3200,86,32,25.6,16
"Desktop",90,1,4,3200,84,32,25.6,16
"Desktop",90,1,4,3200,73,32,25.6,16
"Desktop",90,1,4,3200,73,32,25.6,16
"Desktop",65,1,4,3060,86,32,25.6,16
"Desktop",90,1,4,3060,84,32,25.6,16
"Desktop",90,1,4,3060,84,32,25.6,16
"Desktop",90,1,4,3060,73,32,25.6,16
"Desktop",90,1,4,2930,84,32,25.6,16
"Desktop",90,1,4,2930,84,32,25.6,16
"Desktop",32,1,4,300,18.48,32,25.6,16
"Desktop",90,1,4,2930,73,32,25.6,16
"Desktop",32,1,4,266,16.59,32,25.6,16
"Desktop",90,1,4,2800,84,32,25.6,16
"Desktop",250,1,4,466,47,32,25.6,16
"Mobile",130,1,4,650,8.3,32,25.6,16
"Desktop",90,1,4,2800,84,32,25.6,16
"Desktop",180,1,4,766,20,32,25.6,16
"Desktop",130,1,4,2800,68.4,32,25.6,16
"Desktop",90,1,4,2800,73,32,25.6,16
"Mobile",180,1,4,933,20.6,32,25.6,16
"Desktop",180,1,4,733,23.6,32,25.6,16
"Desktop",130,1,4,2700,66.8,32,25.6,16
"Mobile",90,1,4,1000,5.5,32,25.6,16
"Desktop",90,1,4,2800,73,32,25.6,16
"Mobile",180,1,4,400,6.5,32,25.6,16
"Desktop",180,1,4,950,28,32,25.6,16
"Desktop",180,1,4,700,18.3,32,25.6,16
"Desktop",130,1,4,2600,62.6,32,25.6,16
"Mobile",90,1,4,1000,5.5,32,25.6,16
"Desktop",90,1,4,2660,84,32,25.6,16
"Mobile",32,1,2,1500,17,16,21.3,16
"Mobile",32,2,2,1500,35,16,21.3,16
"Desktop",32,2,2,2400,65,32,17,16
"Mobile",180,1,4,900,24,32,25.6,16
"Mobile",180,1,4,866,23.3,32,25.6,16
"Desktop",130,1,4,900,34.8,32,25.6,16
"Desktop",180,1,4,667,17.5,32,25.6,16
"Desktop",130,1,4,2500,61,32,25.6,16
"Mobile",90,1,4,900,5,32,25.6,16
"Desktop",90,1,4,2660,84,32,25.6,16
"Embedded",32,1,1,1000,10,4.88,25.6,16
"Mobile",32,2,2,1600,35,16.6,21.3,16
"Desktop",32,2,2,2000,35,32,17,16
"Mobile",180,1,4,850,18.8,32,25.6,16
"Mobile",130,1,4,2500,61,32,25.6,16
"Desktop",180,1,4,900,26.7,32,25.6,16
"Desktop",180,1,4,633,16.5,32,25.6,16
"Desktop",130,1,4,2400,59.8,32,25.6,16
"Mobile",130,1,4,900,7,32,25.6,16
"Desktop",90,1,4,2660,73,32,25.6,16
"Embedded",32,1,1,1400,17,16.6,21.3,16
"Embedded",32,2,2,1600,35,16.6,21.3,16
"Desktop",32,2,2,2500,65,32,17,16
"Mobile",180,1,4,800,22,32,25.6,16
"Mobile",180,1,4,800,17.6,32,25.6,16
"Mobile",130,1,4,2400,35,32,25.6,16
"Desktop",180,1,4,850,25.7,32,25.6,16
"Desktop",180,1,4,600,15.8,32,25.6,16
"Desktop",130,1,4,2300,58.3,32,25.6,16
"Mobile",90,1,4,1700,21,32,25.6,16
"Desktop",90,1,4,2660,73,32,25.6,16
"Mobile",32,2,2,1600,35,16,21.3,16
"Mobile",32,2,4,1100,17,16,21.3,16
"Desktop",32,2,2,2100,35,32,17,16
"Mobile",65,1,4,1000,10,32,25.6,16
"Mobile",130,1,4,600,7,32,25.6,16
"Mobile",130,1,4,733,47,32,25.6,16
"Mobile",180,1,4,750,15.8,32,25.6,16
"Mobile",130,1,4,2200,35,32,25.6,16
"Desktop",180,1,4,800,20.8,32,25.6,16
"Desktop",180,1,4,566,19.2,32,25.6,16
"Desktop",130,1,4,2200,57.1,32,25.6,16
"Mobile",90,1,4,1600,21,32,25.6,16
"Desktop",90,1,4,2530,84,32,25.6,16
"Mobile",32,2,2,1700,35,16,21.3,16
"Embedded",32,2,2,1100,17,16.6,21.3,16
"Desktop",32,2,2,2600,65,32,17,16
"Mobile",65,1,4,1730,27,32,25.6,16
"Mobile",65,1,4,1200,5.5,32,25.6,16
"Mobile",180,1,4,733,20.6,32,25.6,16
"Mobile",180,1,4,700,15,32,25.6,16
"Mobile",130,1,4,2000,32,32,25.6,16
"Desktop",250,1,4,533,28.3,32,25.6,16
"Desktop",130,1,4,2100,55.5,32,25.6,16
"Desktop",130,1,4,1400,34.8,32,25.6,16
"Mobile",130,1,4,800,7,32,25.6,16
"Mobile",90,1,4,1500,21,32,25.6,16
"Desktop",90,1,4,2530,84,32,25.6,16
"Mobile",32,2,2,1800,35,16,21.3,16
"Mobile",32,2,2,1200,17,16,21.3,16
"Desktop",32,2,2,2200,35,32,17,16
"Mobile",32,1,4,466,20.7,32,25.6,16
"Desktop",65,1,4,2200,35,32,25.6,16
"Mobile",65,1,4,930,5.5,32,25.6,16
"Mobile",65,1,4,1860,30,32,25.6,16
"Mobile",180,1,4,650,14,32,25.6,16
"Mobile",130,1,4,1800,66.1,32,25.6,16
"Mobile",130,1,4,1330,19,32,25.6,16
"Desktop",250,1,4,500,27,32,25.6,16
"Desktop",130,1,4,2000,52.8,32,25.6,16
"Desktop",130,1,4,1300,33.4,32,25.6,16
"Mobile",65,1,4,1060,5.5,32,25.6,16
"Mobile",90,1,4,1400,21,32,25.6,16
"Desktop",90,1,4,2530,84,32,25.6,16
"Desktop",32,2,2,2700,65,32,17,16
"Mobile",32,2,2,1300,17,16,21.3,16
"Mobile",32,2,2,1900,35,16,21.3,16
"Mobile",32,1,1,1600,35,16,21.3,16
"Desktop",32,1,1,1600,35,32,17,16
"Mobile",32,1,4,433,19.4,32,25.6,16
"Desktop",45,2,4,2700,65,32,25.6,16
"Mobile",65,2,4,1830,35,32,25.6,16
"Mobile",65,1,4,2000,31,32,25.6,16
"Mobile",180,1,4,600,13,32,25.6,16
"Mobile",130,1,4,1700,30,32,25.6,16
"Desktop",250,1,4,433,24.1,32,25.6,16
"Desktop",130,1,4,1200,32.1,32,25.6,16
"Mobile",65,1,4,2000,27,32,25.6,16
"Mobile",90,1,4,1300,21,32,25.6,16
"Desktop",90,1,4,2530,73,32,25.6,16
"Mobile",32,2,2,1400,17,16,21.3,16
"Mobile",32,1,1,1700,35,16,21.3,16
"Desktop",32,1,2,1800,35,32,17,16
"Mobile",32,1,4,400,13.8,32,25.6,16
"Desktop",45,2,4,2600,65,32,25.6,16
"Mobile",45,2,4,2100,35,32,25.6,16
"Mobile",65,2,4,1660,35,32,25.6,16
"Desktop",65,2,4,1600,65,32,25.6,16
"Mobile",65,1,4,2130,31,32,25.6,16
"Mobile",65,1,4,1330,27,32,25.6,16
"Mobile",32,1,4,550,47,32,25.6,16
"Mobile",130,1,4,1600,30,32,25.6,16
"Desktop",250,1,4,400,23.7,32,25.6,16
"Mobile",130,1,4,1200,24.4,32,25.6,16
"Desktop",130,1,4,1800,66.1,32,25.6,16
"Desktop",130,1,4,1100,28.9,32,25.6,16
"Mobile",65,1,4,1860,27,32,25.6,16
"Mobile",130,1,4,1500,24.5,32,25.6,16
"Desktop",90,1,4,2400,73,32,25.6,16
"Desktop",32,1,2,1900,35,32,17,16
"Mobile",32,2,2,1500,17,16,21.3,16
"Embedded",32,1,2,1300,10,16,21.3,16
"Mobile",32,2,2,2000,35,8,17.1,16
"Mobile",32,2,2,1200,18,8,12.8,16
"Mobile",32,1,4,366,13.1,32,25.6,16
"Mobile",45,2,4,2000,35,32,25.6,16
"Desktop",45,2,4,2500,65,32,25.6,16
"Mobile",45,1,4,2200,35,32,25.6,16
"Mobile",45,1,4,1300,10,32,25.6,16
"Mobile",65,1,4,2260,31,32,25.6,16
"Desktop",65,2,4,2000,65,32,25.6,16
"Desktop",65,1,4,2000,35,32,25.6,16
"Mobile",32,1,4,500,47,32,25.6,16
"Mobile",130,1,4,1500,30,32,25.6,16
"Desktop",250,1,4,366,21.7,32,25.6,16
"Mobile",130,1,4,1130,23.8,32,25.6,16
"Desktop",130,1,4,1700,63.5,32,25.6,16
"Mobile",65,1,4,1730,27,32,25.6,16
"Desktop",180,1,4,1100,33,32,25.6,16
"Mobile",130,1,4,1400,24.5,32,25.6,16
"Desktop",90,1,4,2260,73,32,25.6,16
"Desktop",32,1,2,2000,35,32,17,16
"Mobile",32,1,1,1300,17,16,21.3,16
"Mobile",45,1,4,2300,35,32,25.6,16
"Mobile",32,2,2,1060,18,8,17.1,16
"Mobile",32,1,4,300,11.8,32,25.6,16
"Desktop",90,1,4,2400,84,32,25.6,16
"Mobile",32,2,2,1860,35,8,17.1,16
"Desktop",45,2,4,2400,65,32,25.6,16
"Mobile",45,1,4,1200,10,32,25.6,16
"Mobile",65,1,4,2000,31,32,25.6,16
"Desktop",65,2,4,2200,65,32,25.6,16
"Desktop",65,1,4,1800,35,32,25.6,16
"Mobile",65,1,4,1730,30,32,25.6,16
"Desktop",65,1,4,1830,27,32,25.6,16
"Mobile",180,1,4,450,15.5,32,25.6,16
"Mobile",130,1,4,1400,30,32,25.6,16
"Mobile",130,1,4,1060,23.2,32,25.6,16
"Desktop",250,1,4,333,19.7,32,25.6,16
"Desktop",130,1,4,1000,27.8,32,25.6,16
"Mobile",65,1,4,1600,27,32,25.6,16
"Mobile",130,1,4,1300,24.5,32,25.6,16
"Desktop",90,1,4,2260,73,32,25.6,16
"Embedded",22,1,1,1500,17,16,25.6,1
"Mobile",32,1,1,1400,17,16,21.3,16
"Mobile",45,1,4,1400,10,32,25.6,16
"Mobile",32,1,4,266,9.8,32,25.6,16
"Mobile",32,2,2,1060,18,8,12.8,16
"Embedded",45,1,2,1330,30,32,25.6,16
"Mobile",32,2,2,1860,35,8,17.1,16
"Mobile",45,2,4,1200,10,32,25.6,16
"Mobile",45,2,4,1900,35,32,25.6,16
"Mobile",45,1,4,1200,5.5,32,25.6,16
"Mobile",65,1,4,2160,31,32,25.6,16
"Desktop",65,2,4,2400,65,32,25.6,16
"Desktop",65,1,4,1200,19,32,25.6,16
"Desktop",65,1,4,1660,27,32,25.6,16
"Desktop",65,1,4,1600,35,32,25.6,16
"Mobile",65,1,4,1600,30,32,25.6,16
"Mobile",130,1,4,1200,20.8,32,25.6,16
"Mobile",130,1,4,1000,22,32,25.6,16
"Desktop",250,1,4,300,17.8,32,25.6,16
"Desktop",180,1,4,1000,29,32,25.6,16
"Mobile",65,1,4,1460,27,32,25.6,16
"Mobile",130,1,4,1200,24.5,32,25.6,16
"Desktop",90,1,4,2130,73,32,25.6,16
"Server",14,8,8,1700,85,768,25.6,48
"Server",14,8,16,1800,85,768,25.6,48
"Server",14,8,16,2000,70,768,25.6,48
"Server",14,8,16,2100,85,768,25.6,48
"Server",14,4,8,2600,85,768,25.6,48
"Server",14,10,20,2200,85,768,25.6,48
"Server",14,10,20,2200,85,768,25.6,48
"Server",14,12,24,2100,85,768,25.6,48
"Server",14,12,24,2100,85,768,25.6,48
"Server",14,10,20,2400,85,768,25.6,48
"Server",14,12,24,2300,105,768,25.6,48
"Server",14,14,28,1900,85,768,25.6,48
"Server",14,14,28,2200,105,768,25.6,48
"Server",14,4,8,3600,105,768,25.6,48
"Server",14,14,28,2200,105,768,25.6,48
"Server",14,12,24,2600,125,768,25.6,48
"Server",14,12,24,2600,135,768,25.6,48
"Server",14,12,24,2600,125,768,25.6,48
"Server",14,6,12,3400,115,768,25.6,48
"Server",14,16,32,2100,125,768,25.6,48
"Server",14,16,32,2100,135,768,25.6,48
"Server",14,16,32,2100,125,768,25.6,48
"Server",14,14,28,2600,140,768,25.6,48
"Server",14,8,16,3200,130,32,25.6,48
"Server",14,8,16,3200,130,768,25.6,48
"Server",14,12,24,3000,150,768,25.6,48
"Server",14,20,40,2000,125,768,25.6,48
"Server",14,20,40,2000,135,768,25.6,48
"Server",14,20,40,2000,125,768,25.6,48
"Server",14,18,36,2300,140,768,25.6,48
"Server",14,18,36,2300,140,32,25.6,48
"Server",14,16,32,2600,150,768,25.6,48
"Server",14,16,32,2600,150,32,25.6,48
"Server",14,8,16,3500,150,768,25.6,48
"Server",14,16,32,2600,160,768,25.6,48
"Server",14,12,24,3200,165,768,25.6,48
"Server",14,20,40,2400,150,768,25.6,48
"Server",14,20,40,2400,160,768,25.6,48
"Server",14,18,36,2700,165,768,25.6,48
"Server",14,22,44,2100,140,768,25.6,48
"Server",14,18,36,3000,200,768,25.6,48
"Server",14,16,32,2000,125,768,25.6,48
"Server",14,4,8,3600,105,768,25.6,48
"Server",14,12,24,3000,150,768,25.6,48
"Server",14,24,48,2100,150,768,25.6,48
"Server",14,24,48,2100,160,768,25.6,48
"Server",14,24,48,2100,150,768,25.6,48
"Server",14,24,48,2100,150,32,25.6,48
"Server",14,26,52,2000,150,768,25.6,48
"Server",14,24,48,2700,205,768,25.6,48
"Server",14,26,52,2100,165,768,25.6,48
"Server",14,26,52,2100,165,32,25.6,48
"Server",14,28,56,2100,165,768,25.6,48
"Server",14,28,56,2100,173,768,25.6,48
"Server",14,28,56,2100,165,32,25.6,48
"Server",14,28,56,2500,205,768,25.6,48
"Server",14,28,56,2500,205,32,25.6,48
"Server",14,14,28,2000,115,32,85,32
"Server",14,10,20,2000,115,32,85,32
"Server",14,16,32,2100,115,32,85,32
"Server",14,18,36,2200,140,32,85,32
"Server",14,18,36,2400,165,32,85,32
"Server",14,20,40,2100,140,32,85,32
"Server",14,22,44,2200,150,32,85,32
"Server",14,24,48,2200,165,32,85,32
"Server",14,10,20,2800,165,32,85,32
"Server",14,4,8,3200,140,32,85,32
"Server",14,24,48,2400,165,32,85,32
"Server",22,12,24,2100,115,32,85,32
"Server",22,10,20,1900,115,32,85,32
"Server",22,14,28,2200,115,32,85,32
"Server",22,16,32,2200,140,32,85,32
"Server",22,16,32,2500,165,32,85,32
"Server",22,18,36,2100,140,32,85,32
"Server",22,18,36,2300,150,32,85,32
"Server",22,18,36,2000,115,32,85,32
"Server",22,18,36,2500,165,32,85,32
"Server",22,10,20,2800,165,32,85,32
"Server",22,4,8,3200,140,32,85,32
"Server",22,15,30,2300,130,32,85,32
"Server",22,15,30,2500,130,32,85,32
"Server",22,15,30,2800,155,32,85,32
"Server",22,6,12,1900,105,32,68,32
"Server",22,8,16,2000,105,32,68,32
"Server",22,10,20,2200,105,32,68,32
"Server",22,12,24,2300,105,32,68,32
"Server",22,12,24,2600,130,32,85,32
"Server",22,15,30,2300,130,32,85,32
"Server",22,15,30,2500,130,32,85,32
"Server",22,15,30,2800,155,32,85,32
"Server",22,6,12,3400,155,32,85,32
"Server",22,10,20,3200,155,32,85,32
"Server",22,15,30,2800,155,32,85,32
"Server",22,15,30,2200,105,32,85,32
"Server",22,15,30,2500,130,32,85,32
"Server",22,15,30,2300,130,32,85,32
"Server",22,12,12,3000,130,32,85,32
"Server",22,12,24,2300,105,32,68,32
"Server",32,8,16,2000,105,32,25.6,16
"Server",32,8,16,2130,105,32,25.6,16
"Server",32,10,20,2000,130,32,25.6,16
"Server",32,10,20,2260,130,32,25.6,16
"Server",32,10,20,2400,130,32,25.6,16
"Server",32,6,12,1860,95,32,25.6,16
"Server",32,8,16,2000,105,32,25.6,16
"Server",32,8,16,2130,105,32,25.6,16
"Server",32,10,20,2000,130,32,25.6,16
"Server",32,10,20,2260,130,32,25.6,16
"Server",32,10,20,2400,130,32,25.6,16
"Server",32,8,16,2130,105,32,25.6,16
"Server",32,8,8,2660,130,32,25.6,16
"Server",32,10,20,2000,130,32,25.6,16
"Server",32,10,20,2260,130,32,25.6,16
"Server",32,10,20,2130,105,32,25.6,16
"Server",32,10,20,2400,130,32,25.6,16
"Mobile",14,2,4,2600,15,16,25.6,12
"Mobile",14,2,4,2200,15,16,25.6,12
"Desktop",14,4,8,3300,65,32,25.6,16
"Desktop",14,4,8,3300,65,32,29.86,16
"Mobile",14,4,8,2700,47,32,25.6,16
"Embedded",14,4,8,2600,47,32,25.6,16
"Mobile",14,4,8,2500,47,32,25.6,16
"Embedded",14,4,8,2700,47,32,25.6,16
"Mobile",14,4,8,2700,47,32,25.6,16
"Mobile",14,4,8,2900,47,32,25.6,16
"Mobile",14,2,4,2400,15,16,25.6,12
"Mobile",14,2,4,900,4.5,16,29.8,10
"Desktop",14,2,4,3600,54,64,34.1,16
"Mobile",14,2,4,3100,28,32,34.1,12
"Mobile",14,2,4,2900,28,32,34.1,12
"Mobile",14,2,4,1000,4.5,16,29.8,10
"Mobile",14,2,4,3000,35,64,34.1,16
"Mobile",14,2,4,2400,15,32,34.1,12
"Mobile",14,2,4,2800,28,32,34.1,12
"Desktop",14,2,4,3900,51,64,25.6,16
"Embedded",14,2,4,2900,35,64,34.1,16
"Desktop",14,2,4,3400,35,64,25.6,16
"Desktop",14,2,4,3400,35,64,34.1,16
"Desktop",14,2,4,3900,54,64,34.1,16
"Embedded",14,2,4,2100,25,64,34.1,16
"Mobile",14,2,4,2700,15,32,34.1,12
"Desktop",14,2,4,3500,35,64,25.6,16
"Desktop",14,2,4,4000,51,64,25.6,16
"Desktop",14,2,4,4100,51,64,25.6,16
"Desktop",14,2,4,4200,60,64,25.6,16
"Mobile",14,2,4,1100,4.5,16,29.8,10
"Mobile",14,2,4,2500,15,32,34.1,12
"Mobile",14,2,4,2200,15,32,34.1,12
"Mobile",14,2,4,3300,28,32,34.1,12
"Mobile",14,2,4,2600,15,32,34.1,12
"Mobile",14,2,4,2200,15,32,34.1,12
"Mobile",14,2,4,2400,15,32,34.1,12
"Mobile",14,4,8,2600,45,64,34.1,16
"Mobile",14,4,8,2600,45,64,34.1,16
"Desktop",14,4,8,3400,65,64,34.1,16
"Embedded",14,4,8,2400,35,64,34.1,16
"Desktop",14,4,8,2800,35,64,34.1,16
"Desktop",14,4,8,4000,91,64,34.1,16
"Desktop",14,4,8,3300,65,64,34.1,16
"Embedded",14,4,8,2800,45,64,34.1,16
"Mobile",14,4,8,2700,45,64,34.1,16
"Mobile",14,4,8,2700,45,64,34.1,16
"Embedded",14,4,8,2000,25,64,34.1,16
"Mobile",14,4,8,2700,45,64,34.1,16
"Mobile",14,4,8,2900,45,64,34.1,16
"Mobile",14,4,8,2800,45,64,34.1,16
"Mobile",14,2,4,1800,15,32,34.1,12
"Mobile",14,2,4,2300,15,32,34.1,12
"Mobile",14,2,4,2400,15,32,34.1,12
"Mobile",14,4,4,2300,45,64,34.1,16
"Mobile",14,4,4,2300,45,64,34.1,16
"Mobile",14,2,4,2000,15,32,34.1,12
"Embedded",14,4,4,1900,25,64,34.1,16
"Mobile",14,4,4,2600,45,64,34.1,16
"Embedded",14,4,4,2700,45,64,34.1,16
"Desktop",14,4,4,2200,35,64,34.1,16
"Desktop",14,4,4,2700,65,64,34.1,16
"Desktop",14,4,4,2800,65,64,34.1,16
"Embedded",14,4,4,2300,35,64,34.1,16
"Desktop",14,4,4,2500,35,64,34.1,16
"Desktop",14,4,4,3200,65,64,34.1,16
"Desktop",14,4,4,2800,65,64,34.1,16
"Desktop",14,4,4,2700,35,64,34.1,16
"Desktop",14,4,4,3500,91,64,34.1,16
"Desktop",14,4,4,3200,65,64,34.1,16
"Desktop",14,4,4,3300,65,64,34.1,16
"Mobile",14,2,4,2000,15,32,34.1,12
"Embedded",14,2,4,2700,35,64,34.1,16
"Desktop",14,2,4,3200,35,64,34.1,16
"Desktop",14,2,4,3700,51,64,34.1,16
"Mobile",14,2,4,2700,28,32,34.1,12
"Mobile",14,2,4,2400,28,32,34.1,12
"Embedded",14,2,4,1900,25,64,34.1,16
"Mobile",14,2,4,2300,15,32,34.1,12
"Mobile",14,2,4,2700,35,64,34.1,16
"Desktop",14,2,4,3900,51,64,34.1,16
"Desktop",14,2,4,3300,35,64,34.1,16
"Embedded",14,2,4,2700,35,64,34.1,16
"Desktop",14,2,4,3800,51,64,34.1,16
"Mobile",14,2,4,1100,4.5,16,29.8,10
"Mobile",14,2,4,1100,4.5,16,29.8,10
"Mobile",14,2,4,1200,4.5,16,29.8,10
"Mobile",14,2,4,2000,15,16,25.6,12
"Mobile",14,2,4,3100,28,16,25.6,12
